"ID","presentation","cost","parameter","Score"
1,"rand","global","mu",280.759525051555
2,"rand","global","mu",224.654366091326
3,"rand","global","mu",289.824085553265
4,"rand","global","mu",415.21194152947
5,"rand","global","mu",247.11696080583
6,"rand","global","mu",226.837418651805
7,"rand","global","mu",312.959121072105
8,"rand","global","mu",269.926084753176
9,"rand","global","mu",241.111500780043
10,"rand","global","mu",370.379381057591
11,"rand","global","mu",260.07817777482
12,"rand","global","mu",255.840359578956
13,"rand","global","mu",455.563362856546
14,"rand","global","mu",307.749789545248
16,"rand","global","mu",1663.71978125464
17,"rand","global","mu",306.686452216487
19,"rand","global","mu",144.027114567845
20,"rand","global","mu",362.500725930104
21,"rand","global","mu",354.592413820526
22,"rand","global","mu",382.599697267355
23,"rand","global","mu",126.660575275439
24,"rand","global","mu",233.184770554434
25,"rand","global","mu",440.740448812332
26,"rand","global","mu",188.334567149105
27,"rand","global","mu",278.967192082537
28,"rand","global","mu",258.111886866257
29,"rand","global","mu",239.635015125292
30,"rand","global","mu",579.468816969372
31,"rand","global","mu",288.563635600592
34,"rand","global","mu",488.902758301718
35,"rand","global","mu",308.965539876085
37,"rand","global","mu",252.124305380768
38,"rand","global","mu",228.435045513325
39,"rand","global","mu",229.086353195743
40,"rand","global","mu",353.523586008891
43,"rand","global","mu",249.049863646417
44,"rand","global","mu",303.262753693994
45,"rand","global","mu",172.867251335712
46,"rand","global","mu",244.394600067666
47,"rand","global","mu",306.358260024259
50,"rand","global","mu",234.165352048165
51,"rand","global","mu",285.394368543897
53,"rand","global","mu",241.646334146719
54,"rand","global","mu",342.007764175655
55,"rand","global","mu",393.779197575566
56,"rand","global","mu",239.088418734143
57,"rand","global","mu",247.017382325093
58,"rand","global","mu",190.80295984932
59,"rand","global","mu",244.247086109415
60,"rand","global","mu",282.420010376415
61,"rand","global","mu",269.388629906383
62,"rand","global","mu",450.354590274508
63,"rand","global","mu",149.909196756767
64,"rand","global","mu",282.57476094818
65,"rand","global","mu",228.444178120572
66,"rand","global","mu",207.845371877264
67,"rand","global","mu",169.9379799876
69,"rand","global","mu",314.477610979982
70,"rand","global","mu",211.271995383398
71,"rand","global","mu",171.10341432077
72,"rand","global","mu",286.919559157259
73,"rand","global","mu",309.084554036722
74,"rand","global","mu",273.805812705181
75,"rand","global","mu",105.550347198112
76,"rand","global","mu",505.152348542017
77,"rand","global","mu",345.342117977626
78,"rand","global","mu",276.959445200622
80,"rand","global","mu",394.338596976144
81,"rand","global","mu",93.7020735131769
82,"rand","global","mu",367.447865971788
83,"rand","global","mu",313.284078960457
84,"rand","global","mu",294.271189965084
85,"rand","global","mu",295.352631732046
86,"rand","global","mu",289.485339046911
87,"rand","global","mu",183.615319137344
88,"rand","global","mu",202.687682436617
89,"rand","global","mu",240.753577977547
90,"rand","global","mu",322.558259317772
91,"rand","global","mu",318.974913171698
92,"rand","global","mu",314.886931756333
93,"rand","global","mu",162.416267495486
94,"rand","global","mu",274.478464379162
95,"rand","global","mu",231.189328160666
97,"rand","global","mu",497.024094928946
98,"rand","global","mu",160.005284948109
99,"rand","global","mu",451.892447868152
100,"rand","global","mu",233.923213569206
101,"rand","global","mu",329.023196291637
102,"rand","global","mu",329.697544790831
1,"rand","global","sigma",111.469037813478
2,"rand","global","sigma",31.0282814412326
3,"rand","global","sigma",66.1670044123681
4,"rand","global","sigma",3.3222377694498
5,"rand","global","sigma",73.1812210555889
6,"rand","global","sigma",12.4492862956233
7,"rand","global","sigma",27.8166176553145
8,"rand","global","sigma",40.9666346848681
9,"rand","global","sigma",-34.4770792643416
10,"rand","global","sigma",-82.1354089960863
11,"rand","global","sigma",30.9243324575041
12,"rand","global","sigma",48.5821440994779
13,"rand","global","sigma",89.1004395382963
14,"rand","global","sigma",19.3398117552304
16,"rand","global","sigma",902.511368976953
17,"rand","global","sigma",35.4933181318067
19,"rand","global","sigma",-1.39940271905788
20,"rand","global","sigma",62.4287482917218
21,"rand","global","sigma",26.9871038834727
22,"rand","global","sigma",49.5438138656008
23,"rand","global","sigma",-19.4297286080235
24,"rand","global","sigma",-52.764006270717
25,"rand","global","sigma",27.1351022590834
26,"rand","global","sigma",24.9037898636248
27,"rand","global","sigma",50.2421781350815
28,"rand","global","sigma",129.871701545025
29,"rand","global","sigma",10.6684924425717
30,"rand","global","sigma",160.057821114389
31,"rand","global","sigma",47.4525549808723
34,"rand","global","sigma",182.176756432736
35,"rand","global","sigma",-0.816170669222906
37,"rand","global","sigma",41.8330436431359
38,"rand","global","sigma",-14.7163757669839
39,"rand","global","sigma",41.3600509162981
40,"rand","global","sigma",-8.83763309100005
43,"rand","global","sigma",29.5280707033803
44,"rand","global","sigma",172.533493923583
45,"rand","global","sigma",-8.52036828856926
46,"rand","global","sigma",42.6417665282827
47,"rand","global","sigma",-14.904388943671
50,"rand","global","sigma",-1.93188088115019
51,"rand","global","sigma",-8.85882444633695
53,"rand","global","sigma",-46.3917987546096
54,"rand","global","sigma",104.205371000821
55,"rand","global","sigma",26.061140242161
56,"rand","global","sigma",21.8813797440763
57,"rand","global","sigma",16.066168830339
58,"rand","global","sigma",51.0427089761722
59,"rand","global","sigma",44.6913037282917
60,"rand","global","sigma",35.0775272925109
61,"rand","global","sigma",15.3165393671779
62,"rand","global","sigma",104.245449933319
63,"rand","global","sigma",-30.2438428845579
64,"rand","global","sigma",25.8450124462688
65,"rand","global","sigma",43.3529426781731
66,"rand","global","sigma",39.3625947525467
67,"rand","global","sigma",22.5580308842974
69,"rand","global","sigma",9.36547280061451
70,"rand","global","sigma",21.5426939967904
71,"rand","global","sigma",-43.4806433113564
72,"rand","global","sigma",15.6151636379817
73,"rand","global","sigma",123.916978942791
74,"rand","global","sigma",4.24157953799191
75,"rand","global","sigma",-56.5818253090023
76,"rand","global","sigma",67.0062953899877
77,"rand","global","sigma",65.2054550639953
78,"rand","global","sigma",-68.9372946357465
80,"rand","global","sigma",80.4671706599223
81,"rand","global","sigma",-53.3113501720815
82,"rand","global","sigma",84.834669658662
83,"rand","global","sigma",23.8250980792504
84,"rand","global","sigma",60.5300631363823
85,"rand","global","sigma",27.4282589903132
86,"rand","global","sigma",31.9115256658676
87,"rand","global","sigma",-3.43858835246941
88,"rand","global","sigma",-24.0648845227408
89,"rand","global","sigma",66.5206015735614
90,"rand","global","sigma",60.6965648544544
91,"rand","global","sigma",14.4463279265314
92,"rand","global","sigma",-6.622350273116
93,"rand","global","sigma",53.2335490180805
94,"rand","global","sigma",-8.17333213329802
95,"rand","global","sigma",5.64430075915606
97,"rand","global","sigma",191.073026935072
98,"rand","global","sigma",-6.84806914315081
99,"rand","global","sigma",19.9625559939395
100,"rand","global","sigma",4.52831294392883
101,"rand","global","sigma",17.929283429233
102,"rand","global","sigma",14.2313962967208
1,"rand","global","tau",233.631758470618
2,"rand","global","tau",88.4719870219526
3,"rand","global","tau",225.173116459992
4,"rand","global","tau",253.814665714403
5,"rand","global","tau",232.804486582892
6,"rand","global","tau",94.5441573334207
7,"rand","global","tau",312.024241451525
8,"rand","global","tau",449.951950711229
9,"rand","global","tau",229.986621959338
10,"rand","global","tau",743.736644518217
11,"rand","global","tau",55.5114621858046
12,"rand","global","tau",225.937240676181
13,"rand","global","tau",220.65485179483
14,"rand","global","tau",298.815314127369
16,"rand","global","tau",50.3463880102564
17,"rand","global","tau",439.844234562813
19,"rand","global","tau",153.437923894181
20,"rand","global","tau",261.221552653511
21,"rand","global","tau",205.41897881337
22,"rand","global","tau",572.273045408075
23,"rand","global","tau",189.13022010615
24,"rand","global","tau",755.19276496888
25,"rand","global","tau",107.672156744907
26,"rand","global","tau",65.1879155444333
27,"rand","global","tau",213.274866698299
28,"rand","global","tau",351.947870551433
29,"rand","global","tau",211.220882228336
30,"rand","global","tau",684.768530053916
31,"rand","global","tau",290.204177064848
34,"rand","global","tau",270.595908375427
35,"rand","global","tau",312.945832272714
37,"rand","global","tau",498.963650702381
38,"rand","global","tau",318.332633728603
39,"rand","global","tau",290.191088897225
40,"rand","global","tau",319.372503395931
43,"rand","global","tau",127.908026208817
44,"rand","global","tau",714.868433236024
45,"rand","global","tau",156.771654717492
46,"rand","global","tau",448.086064283577
47,"rand","global","tau",238.864719848621
50,"rand","global","tau",205.706022847709
51,"rand","global","tau",309.919043829492
53,"rand","global","tau",436.060287545181
54,"rand","global","tau",254.820659419609
55,"rand","global","tau",616.671891685488
56,"rand","global","tau",357.189877997804
57,"rand","global","tau",131.649582244645
58,"rand","global","tau",320.405835841506
59,"rand","global","tau",411.836629134863
60,"rand","global","tau",274.922465199933
61,"rand","global","tau",207.89196797611
62,"rand","global","tau",184.286036595228
63,"rand","global","tau",153.298747475042
64,"rand","global","tau",162.802295300558
65,"rand","global","tau",233.65025836394
66,"rand","global","tau",247.70623730547
67,"rand","global","tau",151.397688642282
69,"rand","global","tau",204.041582913727
70,"rand","global","tau",63.9672837824828
71,"rand","global","tau",265.462578291472
72,"rand","global","tau",189.391727819968
73,"rand","global","tau",76.222394065905
74,"rand","global","tau",339.450999726478
75,"rand","global","tau",966.807099109014
76,"rand","global","tau",113.873898494048
77,"rand","global","tau",279.86051858896
78,"rand","global","tau",429.939162942114
80,"rand","global","tau",554.318436713282
81,"rand","global","tau",281.809242846139
82,"rand","global","tau",185.276854644698
83,"rand","global","tau",213.570030871327
84,"rand","global","tau",219.303350010732
85,"rand","global","tau",215.878822335125
86,"rand","global","tau",385.66217281588
87,"rand","global","tau",395.296739795611
88,"rand","global","tau",513.158783560211
89,"rand","global","tau",271.162955978003
90,"rand","global","tau",144.650598016913
91,"rand","global","tau",320.246545527449
92,"rand","global","tau",125.877207147036
93,"rand","global","tau",289.447529473245
94,"rand","global","tau",156.075764970678
95,"rand","global","tau",307.718579229559
97,"rand","global","tau",214.459353515961
98,"rand","global","tau",159.739385956836
99,"rand","global","tau",37.1224011678635
100,"rand","global","tau",180.40180069458
101,"rand","global","tau",72.3850765286546
102,"rand","global","tau",444.421641245236
1,"alt","global","mu",327.938719085083
2,"alt","global","mu",205.225332849315
3,"alt","global","mu",316.106378040366
4,"alt","global","mu",536.166798811711
5,"alt","global","mu",62.0902234167291
6,"alt","global","mu",143.003412734145
7,"alt","global","mu",438.780940479619
8,"alt","global","mu",266.318754370611
9,"alt","global","mu",328.577351057691
10,"alt","global","mu",640.42447621391
11,"alt","global","mu",278.432721529361
12,"alt","global","mu",219.536128965576
13,"alt","global","mu",327.986573844629
14,"alt","global","mu",304.896996843596
16,"alt","global","mu",677.274706018712
17,"alt","global","mu",372.097357924251
19,"alt","global","mu",465.955922817029
20,"alt","global","mu",247.176614746082
21,"alt","global","mu",102.556737555389
22,"alt","global","mu",338.15862067825
23,"alt","global","mu",52.1472973188687
24,"alt","global","mu",205.177336552689
25,"alt","global","mu",361.051671038583
26,"alt","global","mu",210.3251058763
27,"alt","global","mu",380.128606455989
28,"alt","global","mu",422.663506373582
29,"alt","global","mu",288.891484346163
30,"alt","global","mu",654.175182708376
31,"alt","global","mu",604.680892494531
34,"alt","global","mu",267.648675659553
35,"alt","global","mu",540.28705737901
37,"alt","global","mu",485.747931888033
38,"alt","global","mu",327.411917318461
39,"alt","global","mu",407.613889901067
40,"alt","global","mu",286.170052575798
43,"alt","global","mu",384.842752899232
44,"alt","global","mu",169.561093552451
45,"alt","global","mu",314.202757362517
46,"alt","global","mu",324.053587923154
47,"alt","global","mu",289.690610660779
50,"alt","global","mu",226.781338003938
51,"alt","global","mu",283.969460008542
53,"alt","global","mu",289.646900913692
54,"alt","global","mu",532.899592268657
55,"alt","global","mu",478.765511682778
56,"alt","global","mu",306.053646203581
57,"alt","global","mu",266.259155588382
58,"alt","global","mu",199.657003730533
59,"alt","global","mu",208.076287785698
60,"alt","global","mu",434.103774391339
61,"alt","global","mu",244.928171950116
62,"alt","global","mu",376.950298210714
63,"alt","global","mu",228.676247724275
64,"alt","global","mu",311.027476069285
65,"alt","global","mu",410.656459166272
66,"alt","global","mu",504.023840495857
67,"alt","global","mu",405.451313964761
69,"alt","global","mu",405.818285504367
70,"alt","global","mu",157.015765996116
71,"alt","global","mu",-67.2995207196051
72,"alt","global","mu",447.196389831273
73,"alt","global","mu",343.700777962599
74,"alt","global","mu",234.135319811964
75,"alt","global","mu",289.555330069824
76,"alt","global","mu",424.04365118686
77,"alt","global","mu",300.046596191947
78,"alt","global","mu",237.54981027154
80,"alt","global","mu",464.427713701069
81,"alt","global","mu",484.877562929161
82,"alt","global","mu",315.697707243421
83,"alt","global","mu",393.711686437786
84,"alt","global","mu",198.324469137102
85,"alt","global","mu",433.982350255639
86,"alt","global","mu",524.766106614687
87,"alt","global","mu",246.786831433004
88,"alt","global","mu",287.834637864739
89,"alt","global","mu",254.645894564966
90,"alt","global","mu",204.534794125295
91,"alt","global","mu",714.383966315675
92,"alt","global","mu",296.584375144459
93,"alt","global","mu",196.919098153054
94,"alt","global","mu",257.663491787177
95,"alt","global","mu",343.77914811114
97,"alt","global","mu",409.983371408581
98,"alt","global","mu",167.271224578651
99,"alt","global","mu",290.408117722579
100,"alt","global","mu",223.955955587511
101,"alt","global","mu",273.92111828655
102,"alt","global","mu",295.889968101097
1,"alt","global","sigma",73.1685880924267
2,"alt","global","sigma",-40.0657353656865
3,"alt","global","sigma",10.9138881158557
4,"alt","global","sigma",52.579063509483
5,"alt","global","sigma",43.9057111547837
6,"alt","global","sigma",-47.1116779295483
7,"alt","global","sigma",17.5603230783381
8,"alt","global","sigma",-5.57938253360274
9,"alt","global","sigma",6.04153046538855
10,"alt","global","sigma",285.632351330856
11,"alt","global","sigma",7.76400676416701
12,"alt","global","sigma",-5.68940601444445
13,"alt","global","sigma",-10.3772113262482
14,"alt","global","sigma",37.3210952723701
16,"alt","global","sigma",205.680330492782
17,"alt","global","sigma",34.9027510951027
19,"alt","global","sigma",223.059616688512
20,"alt","global","sigma",-6.67984609718111
21,"alt","global","sigma",19.7725258513567
22,"alt","global","sigma",16.1793993565452
23,"alt","global","sigma",52.2606960276703
24,"alt","global","sigma",-52.7620600523304
25,"alt","global","sigma",11.5714915052241
26,"alt","global","sigma",-6.40862242877038
27,"alt","global","sigma",-0.0501736520139358
28,"alt","global","sigma",101.757919546503
29,"alt","global","sigma",-26.6381002296926
30,"alt","global","sigma",206.109965665514
31,"alt","global","sigma",212.904926259158
34,"alt","global","sigma",52.3089459993105
35,"alt","global","sigma",114.922935948666
37,"alt","global","sigma",54.6821051854163
38,"alt","global","sigma",-10.502469945741
39,"alt","global","sigma",77.5244369394422
40,"alt","global","sigma",-14.5535745329447
43,"alt","global","sigma",55.0905285576107
44,"alt","global","sigma",349.445585127973
45,"alt","global","sigma",35.2970227529979
46,"alt","global","sigma",-32.2407586230695
47,"alt","global","sigma",-10.4238255971523
50,"alt","global","sigma",-37.0967890805211
51,"alt","global","sigma",10.3267060171295
53,"alt","global","sigma",-46.3919471701024
54,"alt","global","sigma",210.192011046032
55,"alt","global","sigma",83.8202912064796
56,"alt","global","sigma",-45.4402717183158
57,"alt","global","sigma",18.7388173774207
58,"alt","global","sigma",-43.8306689398229
59,"alt","global","sigma",-2.16354645785665
60,"alt","global","sigma",70.2193676063426
61,"alt","global","sigma",16.9104255437019
62,"alt","global","sigma",82.7756553711632
63,"alt","global","sigma",-26.9840326250538
64,"alt","global","sigma",7.06060693737612
65,"alt","global","sigma",59.7565679749682
66,"alt","global","sigma",288.109125357792
67,"alt","global","sigma",32.8994672857873
69,"alt","global","sigma",80.555775575001
70,"alt","global","sigma",6.65868738961922
71,"alt","global","sigma",9.90057643303456
72,"alt","global","sigma",191.561639969677
73,"alt","global","sigma",69.8246818778262
74,"alt","global","sigma",-58.6361553370362
75,"alt","global","sigma",-56.5830802808854
76,"alt","global","sigma",41.8424075730894
77,"alt","global","sigma",-41.7571016297476
78,"alt","global","sigma",7.76401891628339
80,"alt","global","sigma",82.198948808526
81,"alt","global","sigma",139.055887862625
82,"alt","global","sigma",36.8044851131371
83,"alt","global","sigma",119.23467908443
84,"alt","global","sigma",-48.9080093674336
85,"alt","global","sigma",-51.5618357469834
86,"alt","global","sigma",96.6004365631026
87,"alt","global","sigma",12.5350100931104
88,"alt","global","sigma",72.8228171642738
89,"alt","global","sigma",-3.99025335694044
90,"alt","global","sigma",62.7864798124488
91,"alt","global","sigma",272.187220342789
92,"alt","global","sigma",4.17328980807652
93,"alt","global","sigma",-12.6598620282202
94,"alt","global","sigma",66.862653717554
95,"alt","global","sigma",26.7085250119192
97,"alt","global","sigma",65.063556218254
98,"alt","global","sigma",-30.1646705848984
99,"alt","global","sigma",88.7375250386065
100,"alt","global","sigma",31.200987031851
101,"alt","global","sigma",15.6597297612406
102,"alt","global","sigma",-57.8550671762653
1,"alt","global","tau",435.864067852464
2,"alt","global","tau",44.6105964504123
3,"alt","global","tau",556.456882404942
4,"alt","global","tau",372.21608769762
5,"alt","global","tau",350.430214643501
6,"alt","global","tau",200.731361244151
7,"alt","global","tau",527.774461016878
8,"alt","global","tau",348.549103545369
9,"alt","global","tau",181.832841036374
10,"alt","global","tau",508.325789024503
11,"alt","global","tau",153.141038303083
12,"alt","global","tau",225.507904475561
13,"alt","global","tau",537.152674020924
14,"alt","global","tau",311.713469323785
16,"alt","global","tau",711.773011582558
17,"alt","global","tau",814.353994456476
19,"alt","global","tau",121.25440205821
20,"alt","global","tau",263.23783194053
21,"alt","global","tau",213.981443704734
22,"alt","global","tau",365.541626507121
23,"alt","global","tau",226.03922423232
24,"alt","global","tau",908.826813332422
25,"alt","global","tau",230.517174896568
26,"alt","global","tau",108.025458637554
27,"alt","global","tau",217.818378892069
28,"alt","global","tau",233.039595065239
29,"alt","global","tau",253.047282314787
30,"alt","global","tau",499.577849096566
31,"alt","global","tau",111.090380937052
34,"alt","global","tau",277.714514284242
35,"alt","global","tau",166.913441514481
37,"alt","global","tau",732.018538403502
38,"alt","global","tau",410.599749961865
39,"alt","global","tau",215.309845472253
40,"alt","global","tau",240.587977296618
43,"alt","global","tau",363.060922029919
44,"alt","global","tau",611.06745637216
45,"alt","global","tau",131.655858070694
46,"alt","global","tau",510.581617883496
47,"alt","global","tau",415.461581322849
50,"alt","global","tau",258.643236902202
51,"alt","global","tau",223.744522190391
53,"alt","global","tau",298.795303103297
54,"alt","global","tau",186.119098481335
55,"alt","global","tau",624.585962114559
56,"alt","global","tau",615.406952136186
57,"alt","global","tau",90.163850506498
58,"alt","global","tau",239.526555251141
59,"alt","global","tau",332.474276715424
60,"alt","global","tau",91.5615208498643
61,"alt","global","tau",210.721326451976
62,"alt","global","tau",257.848051646773
63,"alt","global","tau",252.259714738538
64,"alt","global","tau",275.166934607567
65,"alt","global","tau",451.377757731424
66,"alt","global","tau",30.995003108622
67,"alt","global","tau",52.7715735196537
69,"alt","global","tau",203.706446363204
70,"alt","global","tau",63.3811014560516
71,"alt","global","tau",340.142367080105
72,"alt","global","tau",115.637952034538
73,"alt","global","tau",305.45718541202
74,"alt","global","tau",470.80907841503
75,"alt","global","tau",1096.31420514973
76,"alt","global","tau",241.631902414767
77,"alt","global","tau",563.680173934381
78,"alt","global","tau",217.666889658912
80,"alt","global","tau",840.612420319372
81,"alt","global","tau",124.124962213435
82,"alt","global","tau",218.609123113231
83,"alt","global","tau",383.09134340409
84,"alt","global","tau",155.949025076615
85,"alt","global","tau",737.450985954544
86,"alt","global","tau",132.862549219792
87,"alt","global","tau",402.811573402626
88,"alt","global","tau",282.694824215431
89,"alt","global","tau",439.472176543761
90,"alt","global","tau",-14.3248230687006
91,"alt","global","tau",75.8007524910636
92,"alt","global","tau",130.585568275361
93,"alt","global","tau",237.008668127032
94,"alt","global","tau",285.607230726007
95,"alt","global","tau",416.275111684821
97,"alt","global","tau",346.61980990107
98,"alt","global","tau",119.31847458236
99,"alt","global","tau",211.95154784649
100,"alt","global","tau",237.117531204955
101,"alt","global","tau",98.9592452239013
102,"alt","global","tau",566.047950043075
1,"rand","local","mu",-132.073513312808
2,"rand","local","mu",-115.992666061796
3,"rand","local","mu",9.62613534469267
4,"rand","local","mu",-161.506828153565
5,"rand","local","mu",-26.7242948641479
6,"rand","local","mu",-216.40989836415
7,"rand","local","mu",-177.052160929855
8,"rand","local","mu",-240.260298308202
9,"rand","local","mu",-81.1979156542361
10,"rand","local","mu",-487.639403497029
11,"rand","local","mu",-175.6457553014
12,"rand","local","mu",-107.664949617145
13,"rand","local","mu",-433.843429328291
14,"rand","local","mu",-32.8299073416964
16,"rand","local","mu",-130.908402212001
17,"rand","local","mu",-438.689111557069
19,"rand","local","mu",-66.0547286763011
20,"rand","local","mu",-258.552888367343
21,"rand","local","mu",-27.8389159600849
22,"rand","local","mu",-399.022185858473
23,"rand","local","mu",-225.210996748332
24,"rand","local","mu",-455.408294669194
25,"rand","local","mu",21.5835069184756
26,"rand","local","mu",-323.81073563361
27,"rand","local","mu",-82.7162267537863
28,"rand","local","mu",-778.895325652496
29,"rand","local","mu",-38.9415797831102
30,"rand","local","mu",-329.581755357279
31,"rand","local","mu",-277.475902028113
34,"rand","local","mu",-4.10960293625112
35,"rand","local","mu",-144.728172044512
37,"rand","local","mu",-173.731494908986
38,"rand","local","mu",-178.098156750155
39,"rand","local","mu",-57.8462279091543
40,"rand","local","mu",-26.2559765050222
43,"rand","local","mu",-153.241870245601
44,"rand","local","mu",-88.6613127270709
45,"rand","local","mu",-88.8397597958881
46,"rand","local","mu",-157.078134147456
47,"rand","local","mu",-138.278714290349
50,"rand","local","mu",-113.866047132868
51,"rand","local","mu",-170.060686048511
53,"rand","local","mu",-112.000466972997
54,"rand","local","mu",-26.6736909421984
55,"rand","local","mu",-372.82720893484
56,"rand","local","mu",-276.71648031504
57,"rand","local","mu",-21.753575831131
58,"rand","local","mu",-161.236347641832
59,"rand","local","mu",-257.417622934835
60,"rand","local","mu",-76.665439364987
61,"rand","local","mu",-106.534176264594
62,"rand","local","mu",31.1309628228011
63,"rand","local","mu",-79.3710950430846
64,"rand","local","mu",-91.8797194731894
65,"rand","local","mu",-216.165722699483
66,"rand","local","mu",-334.244084239495
67,"rand","local","mu",-98.0487768394996
69,"rand","local","mu",-25.51571081957
70,"rand","local","mu",-259.570943792065
71,"rand","local","mu",-159.862849444951
72,"rand","local","mu",-154.667294910612
73,"rand","local","mu",-18.0920842764189
74,"rand","local","mu",-223.444099389848
75,"rand","local","mu",-244.876782885405
76,"rand","local","mu",-145.832672962552
77,"rand","local","mu",-98.8182071327313
78,"rand","local","mu",-472.637530241069
80,"rand","local","mu",-346.301451495984
81,"rand","local","mu",-216.500330601068
82,"rand","local","mu",-301.203819219944
83,"rand","local","mu",-149.534433970632
84,"rand","local","mu",-209.050115603201
85,"rand","local","mu",-308.147694616931
86,"rand","local","mu",-311.838818021921
87,"rand","local","mu",-65.4729983865407
88,"rand","local","mu",-737.854024645473
89,"rand","local","mu",-170.194310591975
90,"rand","local","mu",-172.867628075339
91,"rand","local","mu",-145.519346921195
92,"rand","local","mu",-172.52334047013
93,"rand","local","mu",-162.347731538364
94,"rand","local","mu",-220.568599328937
95,"rand","local","mu",-119.075761920491
97,"rand","local","mu",-93.5867568236272
98,"rand","local","mu",-246.005395569666
99,"rand","local","mu",-206.876648731116
100,"rand","local","mu",-232.172365754931
101,"rand","local","mu",-73.3715832759217
102,"rand","local","mu",-193.395627352063
1,"rand","local","sigma",-33.5245412228037
2,"rand","local","sigma",-40.4828906692826
3,"rand","local","sigma",71.2125085936974
4,"rand","local","sigma",-117.670134934607
5,"rand","local","sigma",-16.4826082506719
6,"rand","local","sigma",-133.420524309403
7,"rand","local","sigma",-15.2042120934463
8,"rand","local","sigma",-0.457914803489061
9,"rand","local","sigma",-32.1295610665078
10,"rand","local","sigma",-369.658483162286
11,"rand","local","sigma",-108.385957788076
12,"rand","local","sigma",-22.6078556068961
13,"rand","local","sigma",-279.767780965363
14,"rand","local","sigma",-48.3176726118254
16,"rand","local","sigma",549.604195554625
17,"rand","local","sigma",-130.068223081612
19,"rand","local","sigma",-58.8331702350808
20,"rand","local","sigma",-99.1532601388071
21,"rand","local","sigma",-37.2237896516211
22,"rand","local","sigma",-124.968384447847
23,"rand","local","sigma",-81.4228062488024
24,"rand","local","sigma",-195.385814000207
25,"rand","local","sigma",26.3875221448413
26,"rand","local","sigma",-149.150754174551
27,"rand","local","sigma",-50.6289172545539
28,"rand","local","sigma",-278.950906015769
29,"rand","local","sigma",-6.82329981649252
30,"rand","local","sigma",-100.270694720891
31,"rand","local","sigma",-137.918336226789
34,"rand","local","sigma",64.3809123482039
35,"rand","local","sigma",-49.8123628063212
37,"rand","local","sigma",-105.143131930921
38,"rand","local","sigma",-22.4803100974401
39,"rand","local","sigma",73.584897121515
40,"rand","local","sigma",-52.5547233760391
43,"rand","local","sigma",-58.2190445421225
44,"rand","local","sigma",165.244830482049
45,"rand","local","sigma",-30.4313622164886
46,"rand","local","sigma",-59.3235839368513
47,"rand","local","sigma",10.409688054802
50,"rand","local","sigma",-42.3916168418754
51,"rand","local","sigma",-27.3265393250788
53,"rand","local","sigma",0.000130327526179675
54,"rand","local","sigma",52.5889154838594
55,"rand","local","sigma",-96.7499704229352
56,"rand","local","sigma",-162.536937574486
57,"rand","local","sigma",0.616816637399886
58,"rand","local","sigma",-77.1864926178533
59,"rand","local","sigma",-101.86256816901
60,"rand","local","sigma",-81.7986097668036
61,"rand","local","sigma",-38.3238491880259
62,"rand","local","sigma",41.9475785061661
63,"rand","local","sigma",-34.3883084468132
64,"rand","local","sigma",-23.3517963571755
65,"rand","local","sigma",-62.0034781083825
66,"rand","local","sigma",-162.833660190624
67,"rand","local","sigma",3.83021246831046
69,"rand","local","sigma",-29.6418012355246
70,"rand","local","sigma",-110.65384417627
71,"rand","local","sigma",-45.5375211492474
72,"rand","local","sigma",-27.1204930077772
73,"rand","local","sigma",62.0363017554322
74,"rand","local","sigma",-159.644273266936
75,"rand","local","sigma",-91.8540543937542
76,"rand","local","sigma",-7.42155549040359
77,"rand","local","sigma",-55.5341104618908
78,"rand","local","sigma",-266.284392062421
80,"rand","local","sigma",-123.531439765275
81,"rand","local","sigma",-127.581216703358
82,"rand","local","sigma",-53.3692424036345
83,"rand","local","sigma",-21.9330922492171
84,"rand","local","sigma",109.43723653013
85,"rand","local","sigma",-38.3797522695528
86,"rand","local","sigma",-57.1116502979558
87,"rand","local","sigma",-51.8390766681869
88,"rand","local","sigma",-197.941861781994
89,"rand","local","sigma",-32.0505183441667
90,"rand","local","sigma",-40.0097038626996
91,"rand","local","sigma",-17.9484631330286
92,"rand","local","sigma",-79.7383989462472
93,"rand","local","sigma",-80.4829254782948
94,"rand","local","sigma",-71.8368455945988
95,"rand","local","sigma",-25.4341698376467
97,"rand","local","sigma",138.004589797047
98,"rand","local","sigma",-120.227851175593
99,"rand","local","sigma",-41.8236214348548
100,"rand","local","sigma",-88.9967080631452
101,"rand","local","sigma",-70.5410144720988
102,"rand","local","sigma",-168.771148520403
1,"rand","local","tau",40.8348832332225
2,"rand","local","tau",-5.56618834090554
3,"rand","local","tau",-253.795137725199
4,"rand","local","tau",13.1728924756199
5,"rand","local","tau",-86.9257376251749
6,"rand","local","tau",-329.84474104063
7,"rand","local","tau",-156.940810739194
8,"rand","local","tau",105.662683314449
9,"rand","local","tau",43.1393572883006
10,"rand","local","tau",18.3082106714744
11,"rand","local","tau",91.5745959400742
12,"rand","local","tau",-57.8224998598622
13,"rand","local","tau",198.358219149359
14,"rand","local","tau",-141.222283153482
16,"rand","local","tau",-423.251400378146
17,"rand","local","tau",-165.533204031947
19,"rand","local","tau",-0.821644729106595
20,"rand","local","tau",91.945951098038
21,"rand","local","tau",-53.0337429883003
22,"rand","local","tau",142.727614419164
23,"rand","local","tau",10.2904389932258
24,"rand","local","tau",259.960047558771
25,"rand","local","tau",-77.2883185591557
26,"rand","local","tau",-53.3370581343598
27,"rand","local","tau",103.657362798329
28,"rand","local","tau",445.329137039335
29,"rand","local","tau",-169.01210624474
30,"rand","local","tau",221.642279748581
31,"rand","local","tau",100.095729977464
34,"rand","local","tau",-61.5261374491613
35,"rand","local","tau",-26.3121322558002
37,"rand","local","tau",-240.977354086644
38,"rand","local","tau",-32.8845152196375
39,"rand","local","tau",-18.1738906185756
40,"rand","local","tau",38.8616637988328
43,"rand","local","tau",16.2054597287917
44,"rand","local","tau",-53.258205548809
45,"rand","local","tau",102.099965440927
46,"rand","local","tau",53.5007083927317
47,"rand","local","tau",144.594075910991
50,"rand","local","tau",115.857162587743
51,"rand","local","tau",-134.080061310498
53,"rand","local","tau",-2.4057048779149
54,"rand","local","tau",-52.8395797921755
55,"rand","local","tau",259.504552967108
56,"rand","local","tau",44.0988249777743
57,"rand","local","tau",-24.2913154586107
58,"rand","local","tau",-174.261791982243
59,"rand","local","tau",174.747187158049
60,"rand","local","tau",-73.4833796562996
61,"rand","local","tau",11.4477448132124
62,"rand","local","tau",-84.2428803950128
63,"rand","local","tau",-57.2797526600251
64,"rand","local","tau",-71.2152335692642
65,"rand","local","tau",-73.4929818663392
66,"rand","local","tau",64.2333396391015
67,"rand","local","tau",-21.8096984826479
69,"rand","local","tau",36.3354397533978
70,"rand","local","tau",-35.9339229499775
71,"rand","local","tau",-206.813392771065
72,"rand","local","tau",-36.0835631211696
73,"rand","local","tau",-52.3554273892952
74,"rand","local","tau",-65.7395860608242
75,"rand","local","tau",112.398431046754
76,"rand","local","tau",99.3424841147041
77,"rand","local","tau",-202.502710266858
78,"rand","local","tau",74.0900051468684
80,"rand","local","tau",-59.4811060287274
81,"rand","local","tau",-10.2723470042794
82,"rand","local","tau",-229.258761636062
83,"rand","local","tau",-30.4466469847079
84,"rand","local","tau",-130.982206518056
85,"rand","local","tau",29.6031852825845
86,"rand","local","tau",-8.02232732687116
87,"rand","local","tau",94.2098323521917
88,"rand","local","tau",189.19049228667
89,"rand","local","tau",-30.1140841390306
90,"rand","local","tau",-61.0453537959975
91,"rand","local","tau",81.0774217502364
92,"rand","local","tau",9.34913402159879
93,"rand","local","tau",159.191247516978
94,"rand","local","tau",157.635888457758
95,"rand","local","tau",-75.986692995539
97,"rand","local","tau",7.13566843931642
98,"rand","local","tau",46.5617602120333
99,"rand","local","tau",-251.510445349377
100,"rand","local","tau",-76.6826834207719
101,"rand","local","tau",52.5164321829047
102,"rand","local","tau",249.910116014986
1,"alt","local","mu",-235.893112874081
2,"alt","local","mu",-53.612302803265
3,"alt","local","mu",-331.47706185275
4,"alt","local","mu",-106.685673463215
5,"alt","local","mu",-281.694804625587
6,"alt","local","mu",-295.36057919645
7,"alt","local","mu",9.92135298187429
8,"alt","local","mu",-59.6054558878566
9,"alt","local","mu",5.46578310813459
10,"alt","local","mu",-65.9961548729202
11,"alt","local","mu",-112.462377586521
12,"alt","local","mu",-55.9140834236792
13,"alt","local","mu",-71.9253643362887
14,"alt","local","mu",52.3171234778977
16,"alt","local","mu",-219.825020652236
17,"alt","local","mu",-502.226136783591
19,"alt","local","mu",-28.7065551441899
20,"alt","local","mu",-390.617773229925
21,"alt","local","mu",-44.9453954871555
22,"alt","local","mu",-352.439484986118
23,"alt","local","mu",-96.5129311328734
24,"alt","local","mu",-387.938043751732
25,"alt","local","mu",-127.263637489971
26,"alt","local","mu",-89.6864625670726
27,"alt","local","mu",-72.6310261061809
28,"alt","local","mu",-198.29345407872
29,"alt","local","mu",-6.70802516897709
30,"alt","local","mu",65.7676213857553
31,"alt","local","mu",54.0094492370745
34,"alt","local","mu",-88.5510501127268
35,"alt","local","mu",64.6020279699278
37,"alt","local","mu",114.65574350852
38,"alt","local","mu",-63.9597432882965
39,"alt","local","mu",-253.501696323158
40,"alt","local","mu",-76.2376326599077
43,"alt","local","mu",-182.335914233809
44,"alt","local","mu",41.6726678637
45,"alt","local","mu",-120.291431640172
46,"alt","local","mu",-620.654423772344
47,"alt","local","mu",-108.917032548052
50,"alt","local","mu",-46.0195620350644
51,"alt","local","mu",-367.075423501158
53,"alt","local","mu",-96.084164024908
54,"alt","local","mu",110.199639426712
55,"alt","local","mu",-387.362311900938
56,"alt","local","mu",-92.0042566444324
57,"alt","local","mu",-31.5571249441759
58,"alt","local","mu",-246.589456019449
59,"alt","local","mu",-269.919210577613
60,"alt","local","mu",75.9494526209108
61,"alt","local","mu",-124.439361093953
62,"alt","local","mu",107.502098792565
63,"alt","local","mu",-7.17349047990456
64,"alt","local","mu",-132.839789901005
65,"alt","local","mu",-167.600351927948
66,"alt","local","mu",247.428418197495
67,"alt","local","mu",63.5699274287543
69,"alt","local","mu",-18.0432779754435
70,"alt","local","mu",-196.843066995331
71,"alt","local","mu",10.5923256144387
72,"alt","local","mu",-138.011961596073
73,"alt","local","mu",-117.84956483723
74,"alt","local","mu",-270.259338217425
75,"alt","local","mu",-175.999683126437
76,"alt","local","mu",89.7670792376791
77,"alt","local","mu",-200.078364821767
78,"alt","local","mu",-109.881722145412
80,"alt","local","mu",-243.086037820699
81,"alt","local","mu",70.2078493452448
82,"alt","local","mu",-252.124630053075
83,"alt","local","mu",-81.3340992225735
84,"alt","local","mu",-296.293869339682
85,"alt","local","mu",-331.95565188763
86,"alt","local","mu",38.9002019447644
87,"alt","local","mu",-142.496286281245
88,"alt","local","mu",-192.474960422205
89,"alt","local","mu",-249.315634349578
90,"alt","local","mu",-215.788200238881
91,"alt","local","mu",-24.1971394750176
92,"alt","local","mu",-137.977762198077
93,"alt","local","mu",-24.4498989890782
94,"alt","local","mu",-187.111380072455
95,"alt","local","mu",-67.467674933456
97,"alt","local","mu",-85.8006818745812
98,"alt","local","mu",-72.0513768285757
99,"alt","local","mu",-458.336391591074
100,"alt","local","mu",-102.70875178303
101,"alt","local","mu",-142.884525398222
102,"alt","local","mu",34.5154997695454
1,"alt","local","sigma",-131.596110859929
2,"alt","local","sigma",-43.4644558112161
3,"alt","local","sigma",-223.081998264946
4,"alt","local","sigma",-32.5833330738271
5,"alt","local","sigma",-97.2609540808678
6,"alt","local","sigma",-51.4244677509191
7,"alt","local","sigma",-47.7606672126027
8,"alt","local","sigma",33.1792237006917
9,"alt","local","sigma",40.5186252478044
10,"alt","local","sigma",191.964175840176
11,"alt","local","sigma",-26.4211894581519
12,"alt","local","sigma",-24.3748036398859
13,"alt","local","sigma",-49.3653484533763
14,"alt","local","sigma",38.1736610883905
16,"alt","local","sigma",-8.78864834503489
17,"alt","local","sigma",-171.479928638253
19,"alt","local","sigma",63.4997533352598
20,"alt","local","sigma",-188.605020520688
21,"alt","local","sigma",15.4258046760654
22,"alt","local","sigma",-170.433057675242
23,"alt","local","sigma",71.690346341916
24,"alt","local","sigma",-127.31035618117
25,"alt","local","sigma",-42.8237542919804
26,"alt","local","sigma",-32.5576387928631
27,"alt","local","sigma",-63.1015513245011
28,"alt","local","sigma",-40.0168237506939
29,"alt","local","sigma",-27.6781337875933
30,"alt","local","sigma",179.551149792174
31,"alt","local","sigma",87.9809389552853
34,"alt","local","sigma",71.5445383677038
35,"alt","local","sigma",81.9165896817432
37,"alt","local","sigma",96.4732294878076
38,"alt","local","sigma",-89.4236754361154
39,"alt","local","sigma",-149.072228727569
40,"alt","local","sigma",5.82322810877272
43,"alt","local","sigma",-89.2512332933771
44,"alt","local","sigma",-79.9405156351852
45,"alt","local","sigma",-31.9963110378198
46,"alt","local","sigma",-386.662173181495
47,"alt","local","sigma",27.4825360821577
50,"alt","local","sigma",-60.391774340953
51,"alt","local","sigma",-197.550111497721
53,"alt","local","sigma",-121.574173237972
54,"alt","local","sigma",122.858016862842
55,"alt","local","sigma",-1.63328655711561
56,"alt","local","sigma",0.0010655162415432
57,"alt","local","sigma",18.3491684771044
58,"alt","local","sigma",-241.055197120694
59,"alt","local","sigma",-109.294442135546
60,"alt","local","sigma",47.815598232876
61,"alt","local","sigma",-15.8091353627979
62,"alt","local","sigma",56.4982179483919
63,"alt","local","sigma",33.4538652889607
64,"alt","local","sigma",-95.1300910734024
65,"alt","local","sigma",-95.062084263176
66,"alt","local","sigma",173.864555210471
67,"alt","local","sigma",30.2806349834699
69,"alt","local","sigma",-19.3229282900551
70,"alt","local","sigma",-112.79700084464
71,"alt","local","sigma",53.3825884517695
72,"alt","local","sigma",-35.4069829834249
73,"alt","local","sigma",-92.8350924501158
74,"alt","local","sigma",-178.77344530919
75,"alt","local","sigma",-0.0000581209310358415
76,"alt","local","sigma",-4.85513977078126
77,"alt","local","sigma",-103.981901057832
78,"alt","local","sigma",41.2705089485061
80,"alt","local","sigma",-29.6445008026934
81,"alt","local","sigma",94.7022708601191
82,"alt","local","sigma",-76.4334999510275
83,"alt","local","sigma",75.7838702283442
84,"alt","local","sigma",-167.13224730741
85,"alt","local","sigma",-141.87061108284
86,"alt","local","sigma",60.2059799942451
87,"alt","local","sigma",-59.7273381219206
88,"alt","local","sigma",-67.8253046040253
89,"alt","local","sigma",-175.760229175705
90,"alt","local","sigma",-145.030011898814
91,"alt","local","sigma",96.6451082739034
92,"alt","local","sigma",-14.6392560757111
93,"alt","local","sigma",-8.15323236011577
94,"alt","local","sigma",36.8019646384584
95,"alt","local","sigma",-38.7718430107809
97,"alt","local","sigma",-27.2235706715513
98,"alt","local","sigma",-33.6229112654182
99,"alt","local","sigma",-45.3262691622851
100,"alt","local","sigma",0.876939917383432
101,"alt","local","sigma",-44.653095031361
102,"alt","local","sigma",-27.2865923196861
1,"alt","local","tau",234.095771217698
2,"alt","local","tau",7.73127281257877
3,"alt","local","tau",364.352104696915
4,"alt","local","tau",47.6395081467213
5,"alt","local","tau",205.056832809556
6,"alt","local","tau",-19.4811483086648
7,"alt","local","tau",40.0048882022581
8,"alt","local","tau",38.254764032567
9,"alt","local","tau",-96.4722260897539
10,"alt","local","tau",292.407005613354
11,"alt","local","tau",41.0467024924589
12,"alt","local","tau",-3.53487695647203
13,"alt","local","tau",-0.774957443154676
14,"alt","local","tau",-104.817184443257
16,"alt","local","tau",325.258101433964
17,"alt","local","tau",294.927116170259
19,"alt","local","tau",71.6437679042344
20,"alt","local","tau",226.536837263812
21,"alt","local","tau",-74.4658148244736
22,"alt","local","tau",2.74117296121699
23,"alt","local","tau",-224.430903740145
24,"alt","local","tau",256.039267256706
25,"alt","local","tau",35.2194614509579
26,"alt","local","tau",-138.180771912747
27,"alt","local","tau",249.902671264591
28,"alt","local","tau",96.4222345134646
29,"alt","local","tau",-8.31532192967887
30,"alt","local","tau",32.4202846976303
31,"alt","local","tau",-118.169651031642
34,"alt","local","tau",-85.2244457735511
35,"alt","local","tau",-141.911922735848
37,"alt","local","tau",269.674902038082
38,"alt","local","tau",-3.2742394424323
39,"alt","local","tau",152.623144843992
40,"alt","local","tau",25.3628205196307
43,"alt","local","tau",190.706945327996
44,"alt","local","tau",-56.7512261805236
45,"alt","local","tau",156.39690646714
46,"alt","local","tau",597.70510419062
47,"alt","local","tau",151.840176369577
50,"alt","local","tau",51.9942022904324
51,"alt","local","tau",-28.0748731324651
53,"alt","local","tau",-48.4098852502627
54,"alt","local","tau",-72.6075112683168
55,"alt","local","tau",-49.6328911573377
56,"alt","local","tau",264.463422087039
57,"alt","local","tau",-115.989853185768
58,"alt","local","tau",-468.216205080885
59,"alt","local","tau",-69.4463417648016
60,"alt","local","tau",-296.314657333644
61,"alt","local","tau",12.4798995467039
62,"alt","local","tau",-81.9999945896883
63,"alt","local","tau",-25.6697918686096
64,"alt","local","tau",139.068391035405
65,"alt","local","tau",110.826982814868
66,"alt","local","tau",-213.504714438089
67,"alt","local","tau",-100.761070285559
69,"alt","local","tau",-25.3739736512514
70,"alt","local","tau",-54.9166214006463
71,"alt","local","tau",-294.623830534136
72,"alt","local","tau",106.36825725728
73,"alt","local","tau",253.320791876496
74,"alt","local","tau",153.425696025405
75,"alt","local","tau",-115.000475037032
76,"alt","local","tau",120.542095068648
77,"alt","local","tau",180.353318544922
78,"alt","local","tau",-341.063122787762
80,"alt","local","tau",443.078623035972
81,"alt","local","tau",-184.98977007677
82,"alt","local","tau",-90.9704603978594
83,"alt","local","tau",69.8744674538337
84,"alt","local","tau",41.9925904024656
85,"alt","local","tau",365.644905287413
86,"alt","local","tau",-165.195340303219
87,"alt","local","tau",95.6032305664354
88,"alt","local","tau",-251.646683040308
89,"alt","local","tau",226.423853258553
90,"alt","local","tau",-150.131991208273
91,"alt","local","tau",-57.9042263927136
92,"alt","local","tau",-24.470270092604
93,"alt","local","tau",-10.14784526233
94,"alt","local","tau",332.689687235758
95,"alt","local","tau",-18.0523323107928
97,"alt","local","tau",133.087558543486
98,"alt","local","tau",-27.9717242917484
99,"alt","local","tau",74.4184014563505
100,"alt","local","tau",0.260303169057011
101,"alt","local","tau",31.8322662381606
102,"alt","local","tau",121.071800989046
