Subject,bin,type,mean
1,1,rand_local,93.88888889
1,2,rand_local,127.3333333
1,3,rand_local,181.7777778
1,4,rand_local,168.6666667
1,5,rand_local,297.2777778
1,6,rand_local,-396.125
1,1,alt_local,93.6
1,2,alt_local,78.05555556
1,3,alt_local,35.11111111
1,4,alt_local,142.3333333
1,5,alt_local,-144.7777778
1,6,alt_local,-264.7777778
1,1,rand_global,197.5770609
1,2,rand_global,304.8817204
1,3,rand_global,350.1935484
1,4,rand_global,443.4480287
1,5,rand_global,675.1129032
1,6,rand_global,1339.306452
1,1,alt_global,296.7548387
1,2,alt_global,520.0483871
1,3,alt_global,708.9713262
1,4,alt_global,775.8924731
1,5,alt_global,1110.612903
1,6,alt_global,1323.695341
2,1,rand_local,75.6
2,2,rand_local,106.6
2,3,rand_local,120.3
2,4,rand_local,166.2222222
2,5,rand_local,215.4444444
2,6,rand_local,51.44444444
2,1,alt_local,20.4
2,2,alt_local,59.3
2,3,alt_local,47.1
2,4,alt_local,51.33333333
2,5,alt_local,62.77777778
2,6,alt_local,35.33333333
2,1,rand_global,221.4903226
2,2,rand_global,249.3387097
2,3,rand_global,284.8741935
2,4,rand_global,323.5448029
2,5,rand_global,350.4874552
2,6,rand_global,508.1684588
2,1,alt_global,242.3903226
2,2,alt_global,217.1387097
2,3,alt_global,245.2741935
2,4,alt_global,267.655914
2,5,alt_global,299.9318996
2,6,alt_global,270.0573477
3,1,rand_local,65.11111111
3,2,rand_local,90.66666667
3,3,rand_local,168.9027778
3,4,rand_local,301.9027778
3,5,rand_local,396.9305556
3,6,rand_local,475.375
3,1,alt_local,75.55555556
3,2,alt_local,111.6666667
3,3,alt_local,159.4444444
3,4,alt_local,66.33333333
3,5,alt_local,-194.7777778
3,6,alt_local,-287.3611111
3,1,rand_global,282.5268817
3,2,rand_global,351.5448029
3,3,rand_global,406.5555556
3,4,rand_global,485.3888889
3,5,rand_global,662.6111111
3,6,rand_global,992.4416667
3,1,alt_global,380.4157706
3,2,alt_global,505.3225806
3,3,alt_global,652.1111111
3,4,alt_global,898.0555556
3,5,alt_global,1265.944444
3,6,alt_global,1519.177778
4,1,rand_local,56.5
4,2,rand_local,150.4
4,3,rand_local,193.8
4,4,rand_local,251.2
4,5,rand_local,266.7555556
4,6,rand_local,-60.66666667
4,1,alt_local,76.3
4,2,alt_local,93.4
4,3,alt_local,91.1
4,4,alt_local,53.9
4,5,alt_local,123.9
4,6,alt_local,21.02222222
4,1,rand_global,447.33125
4,2,rand_global,498.8625
4,3,rand_global,554.63125
4,4,rand_global,597.65
4,5,rand_global,731.3154122
4,6,rand_global,1289.971326
4,1,alt_global,549.73125
4,2,alt_global,650.0625
4,3,alt_global,747.13125
4,4,alt_global,887.65
4,5,alt_global,1104.270968
4,6,alt_global,1495.393548
5,1,rand_local,15.67777778
5,2,rand_local,106.3333333
5,3,rand_local,139.7777778
5,4,rand_local,230.2222222
5,5,rand_local,81.77777778
5,6,rand_local,171.6666667
5,1,alt_local,154.1111111
5,2,alt_local,215.5555556
5,3,alt_local,212.2222222
5,4,alt_local,138.7777778
5,5,alt_local,139.9166667
5,6,alt_local,-285.0277778
5,1,rand_global,241.9318996
5,2,rand_global,287.8
5,3,rand_global,348
5,4,rand_global,386.4555556
5,5,rand_global,621.8111111
5,6,rand_global,984.4333333
5,1,alt_global,79.37634409
5,2,alt_global,173.3555556
5,3,alt_global,270.3333333
5,4,alt_global,390.2333333
5,5,alt_global,533.3666667
5,6,alt_global,1019.877778
6,1,rand_local,169.6
6,2,rand_local,347.3
6,3,rand_local,507.6777778
6,4,rand_local,619.5555556
6,5,rand_local,850.4444444
6,6,rand_local,820.5555556
6,1,alt_local,282
6,2,alt_local,282.0444444
6,3,alt_local,320.6888889
6,4,alt_local,390.3333333
6,5,alt_local,471.6666667
6,6,alt_local,76.77777778
6,1,rand_global,235.59375
6,2,rand_global,247
6,3,rand_global,255.2290323
6,4,rand_global,326.7168459
6,5,rand_global,377.6810036
6,6,rand_global,572.9103943
6,1,alt_global,186.39375
6,2,alt_global,248.9
6,3,alt_global,259.3290323
6,4,alt_global,297.2724014
6,5,alt_global,384.6810036
6,6,alt_global,789.4659498
7,1,rand_local,182.3
7,2,rand_local,275.9
7,3,rand_local,468.6555556
7,4,rand_local,410.7777778
7,5,rand_local,463.4444444
7,6,rand_local,289.8888889
7,1,alt_local,-47.11111111
7,2,alt_local,-4.088888889
7,3,alt_local,75.85555556
7,4,alt_local,-29.88888889
7,5,alt_local,-156.6666667
7,6,alt_local,-321.4444444
7,1,rand_global,348.1
7,2,rand_global,395.8333333
7,3,rand_global,437.1111111
7,4,rand_global,584.0444444
7,5,rand_global,734.2555556
7,6,rand_global,1301.566667
7,1,alt_global,498
7,2,alt_global,575.0333333
7,3,alt_global,741.3666667
7,4,alt_global,1002.155556
7,5,alt_global,1368.144444
7,6,alt_global,1789.9
8,1,rand_local,214.9
8,2,rand_local,185.2
8,3,rand_local,169.0777778
8,4,rand_local,152.3222222
8,5,rand_local,141.4555556
8,6,rand_local,-74.44444444
8,1,alt_local,77.08888889
8,2,alt_local,15.85555556
8,3,alt_local,118.7
8,4,alt_local,141.4
8,5,alt_local,87.25
8,6,alt_local,-324.2083333
8,1,rand_global,317.16875
8,2,rand_global,444.9375
8,3,rand_global,536.6284722
8,4,rand_global,636.4027778
8,5,rand_global,934.4444444
8,6,rand_global,1555.369176
8,1,alt_global,327.76875
8,2,alt_global,400.1375
8,3,alt_global,439.70625
8,4,alt_global,492.225
8,5,alt_global,746
8,6,alt_global,1385.591398
9,1,rand_local,62.6
9,2,rand_local,79.1
9,3,rand_local,63.6
9,4,rand_local,24.5
9,5,rand_local,-9.488888889
9,6,rand_local,-18.11111111
9,1,alt_local,10.6
9,2,alt_local,50.8
9,3,alt_local,38.95555556
9,4,alt_local,40.11111111
9,5,alt_local,146.5555556
9,6,alt_local,260.2222222
9,1,rand_global,286.90625
9,2,rand_global,324.2741935
9,3,rand_global,372.583871
9,4,rand_global,490.4677419
9,5,rand_global,655.0501792
9,6,rand_global,769.7275986
9,1,alt_global,356.90625
9,2,alt_global,378.1741935
9,3,alt_global,447.083871
9,4,alt_global,546.1899642
9,5,alt_global,629.4946237
9,6,alt_global,768.9498208
10,1,rand_local,372
10,2,rand_local,545.7
10,3,rand_local,578
10,4,rand_local,681.3333333
10,5,rand_local,501.5555556
10,6,rand_local,107.5555556
10,1,alt_local,207
10,2,alt_local,-58.3
10,3,alt_local,-211.1
10,4,alt_local,-465.9888889
10,5,alt_local,-665.8888889
10,6,alt_local,-215.7777778
10,1,rand_global,412.825
10,2,rand_global,564.44375
10,3,rand_global,983.2806452
10,4,rand_global,1361.666667
10,5,rand_global,1778.935484
10,6,rand_global,1912.960573
10,1,alt_global,471.225
10,2,alt_global,882.14375
10,3,alt_global,1146.380645
10,4,alt_global,1465.1
10,5,alt_global,1790.379928
10,6,alt_global,1385.62724
11,1,rand_local,56.78181818
11,2,rand_local,94.8
11,3,rand_local,107.6
11,4,rand_local,116.1777778
11,5,rand_local,92.4
11,6,rand_local,1.133333333
11,1,alt_local,95.8
11,2,alt_local,75.18888889
11,3,alt_local,41.85555556
11,4,alt_local,10.94444444
11,5,alt_local,85.77777778
11,6,alt_local,77.22222222
11,1,rand_global,244.9806452
11,2,rand_global,288.9548387
11,3,rand_global,331.8333333
11,4,rand_global,383.2555556
11,5,rand_global,387.6666667
11,6,rand_global,312.3666667
11,1,alt_global,293.7806452
11,2,alt_global,336.0548387
11,3,alt_global,434.2333333
11,4,alt_global,540.5333333
11,5,alt_global,565.5555556
11,6,alt_global,486.4777778
12,1,rand_local,100.3
12,2,rand_local,124.8888889
12,3,rand_local,161.5555556
12,4,rand_local,185.4444444
12,5,rand_local,270.2222222
12,6,rand_local,128.3333333
12,1,alt_local,47.9
12,2,alt_local,65.8
12,3,alt_local,59.24444444
12,4,alt_local,41.51111111
12,5,alt_local,162.8888889
12,6,alt_local,-41.55555556
12,1,rand_global,258.8903226
12,2,rand_global,335.6129032
12,3,rand_global,393.5913978
12,4,rand_global,517.4910394
12,5,rand_global,557.2544803
12,6,rand_global,899.3369176
12,1,alt_global,248.7903226
12,2,alt_global,284.1129032
12,3,alt_global,357.4580645
12,4,alt_global,447.5354839
12,5,alt_global,531.5878136
12,6,alt_global,892.8924731
13,1,rand_local,49
13,2,rand_local,133.3
13,3,rand_local,340.4222222
13,4,rand_local,396.9888889
13,5,rand_local,319.0444444
13,6,rand_local,89.4
13,1,alt_local,57
13,2,alt_local,80.7
13,3,alt_local,60.9
13,4,alt_local,169.5888889
13,5,alt_local,74.33333333
13,6,alt_local,-15.11111111
13,1,rand_global,430.21875
13,2,rand_global,536.425
13,3,rand_global,606.7465278
13,4,rand_global,691.9175627
13,5,rand_global,823.4265233
13,6,rand_global,1037.387097
13,1,alt_global,390.31875
13,2,alt_global,513.525
13,3,alt_global,654.86875
13,4,alt_global,817.1064516
13,5,alt_global,1343.982079
13,6,alt_global,1635.164875
14,1,rand_local,23.4
14,2,rand_local,166.8
14,3,rand_local,292.9777778
14,4,rand_local,256.6444444
14,5,rand_local,243.2222222
14,6,rand_local,147.8888889
14,1,alt_local,-31.2
14,2,alt_local,43.95555556
14,3,alt_local,98.67777778
14,4,alt_local,39.22222222
14,5,alt_local,3.444444444
14,6,alt_local,74.77777778
14,1,rand_global,337.7
14,2,rand_global,375.1875
14,3,rand_global,483.3512545
14,4,rand_global,727.5878136
14,5,rand_global,863.0501792
14,6,rand_global,901.0250896
14,1,alt_global,326.8
14,2,alt_global,402.7875
14,3,alt_global,465.2290323
14,4,alt_global,646.8100358
14,5,alt_global,777.9390681
14,6,alt_global,1227.136201
16,1,rand_local,971.2
16,2,rand_local,623.9
16,3,rand_local,386.6
16,4,rand_local,199.9444444
16,5,rand_local,377.5333333
16,6,rand_local,658
16,1,alt_local,206.4
16,2,alt_local,110.8
16,3,alt_local,-10.7
16,4,alt_local,-130.8
16,5,alt_local,-28.31111111
16,6,alt_local,-554.0333333
16,1,rand_global,608.875
16,2,rand_global,1282.375
16,3,rand_global,1844.03125
16,4,rand_global,2252.071685
16,5,rand_global,2405.989247
16,6,rand_global,2135.620072
16,1,alt_global,617.675
16,2,alt_global,948.775
16,3,alt_global,1141.73125
16,4,alt_global,1414.516129
16,5,alt_global,1792.522581
16,6,alt_global,2387.764516
17,1,rand_local,361.6
17,2,rand_local,507.5555556
17,3,rand_local,520.5555556
17,4,rand_local,551.2222222
17,5,rand_local,773.1666667
17,6,rand_local,1063.583333
17,1,alt_local,331.5
17,2,alt_local,435.8
17,3,alt_local,295.6111111
17,4,alt_local,211.0888889
17,5,alt_local,105.8888889
17,6,alt_local,0.033333333
17,1,rand_global,361.2387097
17,2,rand_global,433.046595
17,3,rand_global,573.5304659
17,4,rand_global,715.390681
17,5,rand_global,886.7849462
17,6,rand_global,1559
17,1,alt_global,460.3387097
17,2,alt_global,592.0354839
17,3,alt_global,931.9193548
17,4,alt_global,1238.412903
17,5,alt_global,1647.451613
17,6,alt_global,2238.633333
19,1,rand_local,19.33333333
19,2,rand_local,71.77777778
19,3,rand_local,90.66666667
19,4,rand_local,135
19,5,rand_local,103.6111111
19,6,rand_local,-1.875
19,1,alt_local,57.36666667
19,2,alt_local,47.66666667
19,3,alt_local,17.88888889
19,4,alt_local,-93.33333333
19,5,alt_local,-98.09722222
19,6,alt_local,-161.5416667
19,1,rand_global,170.7526882
19,2,rand_global,189.2939068
19,3,rand_global,223.6774194
19,4,rand_global,268.702509
19,5,rand_global,423.9856631
19,6,rand_global,583.6975806
19,1,alt_global,285.7193548
19,2,alt_global,382.516129
19,3,alt_global,527.8996416
19,4,alt_global,733.5913978
19,5,alt_global,806.3189964
19,6,alt_global,843.9892473
20,1,rand_local,143.2555556
20,2,rand_local,201.0444444
20,3,rand_local,213.0777778
20,4,rand_local,187.6
20,5,rand_local,241.3333333
20,6,rand_local,120.1111111
20,1,alt_local,137.4
20,2,alt_local,302.3
20,3,alt_local,251.2333333
20,4,alt_local,260.8444444
20,5,alt_local,95
20,6,alt_local,-102.6666667
20,1,rand_global,352.8506944
20,2,rand_global,441.8993056
20,3,rand_global,520.7060932
20,4,rand_global,625.8387097
20,5,rand_global,701.3082437
20,6,rand_global,1086.09319
20,1,alt_global,295.80625
20,2,alt_global,330.94375
20,3,alt_global,404.583871
20,4,alt_global,437.4387097
20,5,alt_global,672.6415771
20,6,alt_global,1024.982079
21,1,rand_local,5.6
21,2,rand_local,41.7
21,3,rand_local,83.22222222
21,4,rand_local,106.6666667
21,5,rand_local,112.1111111
21,6,rand_local,147.7777778
21,1,alt_local,78.4
21,2,alt_local,45.1
21,3,alt_local,94.58888889
21,4,alt_local,122.2222222
21,5,alt_local,202.8888889
21,6,alt_local,173
21,1,rand_global,383.24375
21,2,rand_global,424.3451613
21,3,rand_global,446.4767025
21,4,rand_global,509.8422939
21,5,rand_global,675.3297491
21,6,rand_global,972.1362007
21,1,alt_global,120.34375
21,2,alt_global,194.5451613
21,3,alt_global,232.3322581
21,4,alt_global,271.7311828
21,5,alt_global,367.7741935
21,6,alt_global,776.0250896
22,1,rand_local,269.7
22,2,rand_local,366.5888889
22,3,rand_local,379.7
22,4,rand_local,354.5555556
22,5,rand_local,-19.66666667
22,6,rand_local,90
22,1,alt_local,201
22,2,alt_local,378.9
22,3,alt_local,450.5
22,4,alt_local,472.1888889
22,5,alt_local,467.6666667
22,6,alt_local,244.4888889
22,1,rand_global,432.575
22,2,rand_global,569.1125
22,3,rand_global,670.3
22,4,rand_global,801.8819444
22,5,rand_global,1363.551971
22,6,rand_global,2053.304659
22,1,alt_global,382.575
22,2,alt_global,420.8125
22,3,alt_global,497.5
22,4,alt_global,600.1375
22,5,alt_global,794.7741935
22,6,alt_global,1513.593548
23,1,rand_local,171.0555556
23,2,rand_local,197.5444444
23,3,rand_local,241.05
23,4,rand_local,192.625
23,5,rand_local,246.075
23,6,rand_local,246.0416667
23,1,alt_local,133.475
23,2,alt_local,175.8888889
23,3,alt_local,330.9722222
23,4,alt_local,457.5
23,5,alt_local,311.5972222
23,6,alt_local,474.1527778
23,1,rand_global,156.3111111
23,2,rand_global,214.2222222
23,3,rand_global,248.0258621
23,4,rand_global,308.875
23,5,rand_global,397.8491379
23,6,rand_global,625.5215517
23,1,alt_global,55.26666667
23,2,alt_global,125.7777778
23,3,alt_global,171.0536398
23,4,alt_global,226
23,5,alt_global,448.5019157
23,6,alt_global,675.1187739
24,1,rand_local,312
24,2,rand_local,322.5666667
24,3,rand_local,310.6666667
24,4,rand_local,209.6666667
24,5,rand_local,65.33333333
24,6,rand_local,-18
24,1,alt_local,334.9777778
24,2,alt_local,295.6666667
24,3,alt_local,217.4444444
24,4,alt_local,-14.22222222
24,5,alt_local,-13.44444444
24,6,alt_local,37.66666667
24,1,rand_global,336.85625
24,2,rand_global,537.6145833
24,3,rand_global,719.4193548
24,4,rand_global,901.3333333
24,5,rand_global,1276.326165
24,6,rand_global,2243.917563
24,1,alt_global,313.3784722
24,2,alt_global,523.0590278
24,3,alt_global,728.5304659
24,4,alt_global,1035.444444
24,5,alt_global,1424.215054
24,6,alt_global,2667.695341
25,1,rand_local,8.8
25,2,rand_local,-2.1
25,3,rand_local,24.2
25,4,rand_local,64
25,5,rand_local,65.88888889
25,6,rand_local,187
25,1,alt_local,76.5
25,2,alt_local,133.6
25,3,alt_local,154.1333333
25,4,alt_local,128.1111111
25,5,alt_local,47.33333333
25,6,alt_local,-7.888888889
25,1,rand_global,442.225
25,2,rand_global,482.0290323
25,3,rand_global,494.2290323
25,4,rand_global,523.416129
25,5,rand_global,604.6236559
25,6,rand_global,793.6917563
25,1,alt_global,396.725
25,2,alt_global,429.8290323
25,3,alt_global,471.3290323
25,4,alt_global,525.9605735
25,5,alt_global,709.1792115
25,6,alt_global,1090.913978
26,1,rand_local,175.7
26,2,rand_local,313.9
26,3,rand_local,363.4111111
26,4,rand_local,420.4444444
26,5,rand_local,500.2222222
26,6,rand_local,531.3333333
26,1,alt_local,78.44444444
26,2,alt_local,149.5555556
26,3,alt_local,223.8888889
26,4,alt_local,258.5555556
26,5,alt_local,356.1111111
26,6,alt_local,345.4166667
26,1,rand_global,179.575
26,2,rand_global,217.71875
26,3,rand_global,235.921147
26,4,rand_global,295.7240143
26,5,rand_global,333.0322581
26,6,rand_global,298.437276
26,1,alt_global,233.875
26,2,alt_global,241.1076389
26,3,alt_global,266.6989247
26,4,alt_global,322.9462366
26,5,alt_global,429.1433692
26,6,alt_global,436.8817204
27,1,rand_local,56.4
27,2,rand_local,85.28888889
27,3,rand_local,61.86666667
27,4,rand_local,45.05555556
27,5,rand_local,112.2222222
27,6,rand_local,-386.6666667
27,1,alt_local,45.51388889
27,2,alt_local,84.38888889
27,3,alt_local,47.95833333
27,4,alt_local,-40.61111111
27,5,alt_local,-464.6944444
27,6,alt_local,-937.875
27,1,rand_global,235.4428571
27,2,rand_global,251.5753968
27,3,rand_global,299.9404762
27,4,rand_global,480.1230159
27,5,rand_global,740.0595238
27,6,rand_global,976.6666667
27,1,alt_global,332.2539683
27,2,alt_global,292.5753968
27,3,alt_global,421.2738095
27,4,alt_global,556.7896825
27,5,alt_global,1005.837302
27,6,alt_global,1131.486111
28,1,rand_local,203.3444444
28,2,rand_local,409.7777778
28,3,rand_local,459.7777778
28,4,rand_local,444
28,5,rand_local,320.1944444
28,6,rand_local,228.125
28,1,alt_local,135.5777778
28,2,alt_local,114.3333333
28,3,alt_local,144.4444444
28,4,alt_local,196.1111111
28,5,alt_local,142.9305556
28,6,alt_local,-81.44444444
28,1,rand_global,206.2935484
28,2,rand_global,358.1
28,3,rand_global,526.1
28,4,rand_global,632.5333333
28,5,rand_global,872.9222222
28,6,rand_global,1121.4
28,1,alt_global,380.3935484
28,2,alt_global,502.9888889
28,3,alt_global,571.7666667
28,4,alt_global,628.7555556
28,5,alt_global,791.8111111
28,6,alt_global,1101.844444
29,1,rand_local,55.33333333
29,2,rand_local,95.44444444
29,3,rand_local,228.5555556
29,4,rand_local,408.8888889
29,5,rand_local,324.2222222
29,6,rand_local,232.8888889
29,1,alt_local,-9.2
29,2,alt_local,-11.26666667
29,3,alt_local,12.3
29,4,alt_local,91.88888889
29,5,alt_local,140.7777778
29,6,alt_local,-185.3333333
29,1,rand_global,266.7465278
29,2,rand_global,292.1944444
29,3,rand_global,298.9426523
29,4,rand_global,351.7741935
29,5,rand_global,568.6702509
29,6,rand_global,916.2401434
29,1,alt_global,346.06875
29,2,alt_global,384.35
29,3,alt_global,418.0870968
29,4,alt_global,456.3297491
29,5,alt_global,620.3369176
29,6,alt_global,1112.684588
30,1,rand_local,205.6
30,2,rand_local,272.3
30,3,rand_local,185
30,4,rand_local,131.4
30,5,rand_local,239.0111111
30,6,rand_local,-378.3333333
30,1,alt_local,69.04444444
30,2,alt_local,-56.66666667
30,3,alt_local,-217
30,4,alt_local,-186.4444444
30,5,alt_local,-81.11111111
30,6,alt_local,-217
30,1,rand_global,578.8666667
30,2,rand_global,781.3333333
30,3,rand_global,1064.833333
30,4,rand_global,1370.666667
30,5,rand_global,1686.566667
30,6,rand_global,2300.133333
30,1,alt_global,558.1666667
30,2,alt_global,840.9111111
30,3,alt_global,1112.988889
30,4,alt_global,1261.922222
30,5,alt_global,1501.466667
30,6,alt_global,1747.244444
31,1,rand_local,102.2
31,2,rand_local,251.6
31,3,rand_local,292.9222222
31,4,rand_local,213.1555556
31,5,rand_local,195.2222222
31,6,rand_local,19.55555556
31,1,alt_local,86.2
31,2,alt_local,43
31,3,alt_local,-13.4
31,4,alt_local,4.222222222
31,5,alt_local,-9.444444444
31,6,alt_local,282.3333333
31,1,rand_global,305.0125
31,2,rand_global,373.9375
31,3,rand_global,437.2152778
31,4,rand_global,596.3154122
31,5,rand_global,708.5949821
31,6,rand_global,1121.315412
31,1,alt_global,385.3125
31,2,alt_global,607.6375
31,3,alt_global,732.4375
31,4,alt_global,774.6487455
31,5,alt_global,912.2616487
31,6,alt_global,955.09319
34,1,rand_local,80.4
34,2,rand_local,61.4
34,3,rand_local,42.2
34,4,rand_local,46.88888889
34,5,rand_local,82.11111111
34,6,rand_local,65
34,1,alt_local,141
34,2,alt_local,178.7333333
34,3,alt_local,173.2222222
34,4,alt_local,138.4555556
34,5,alt_local,152.3333333
34,6,alt_local,209.7777778
34,1,rand_global,370.225
34,2,rand_global,536.4
34,3,rand_global,693.1125
34,4,rand_global,824.3055556
34,5,rand_global,1048.512545
34,6,rand_global,1186.11828
34,1,alt_global,276.925
34,2,alt_global,350.1
34,3,alt_global,450.3125
34,4,alt_global,543.85
34,5,alt_global,719.5125448
34,6,alt_global,1021.340502
35,1,rand_local,117
35,2,rand_local,124.3
35,3,rand_local,158.3444444
35,4,rand_local,167.2444444
35,5,rand_local,197.4333333
35,6,rand_local,274.5555556
35,1,alt_local,37.14444444
35,2,alt_local,15.75555556
35,3,alt_local,46.46666667
35,4,alt_local,57.33333333
35,5,alt_local,55.11111111
35,6,alt_local,255.4027778
35,1,rand_global,357.4666667
35,2,rand_global,433.9
35,3,rand_global,507.8222222
35,4,rand_global,585.0888889
35,5,rand_global,748.2
35,6,rand_global,1161.1341
35,1,alt_global,462.4666667
35,2,alt_global,570.6
35,3,alt_global,659.4666667
35,4,alt_global,733.9777778
35,5,alt_global,858.4222222
35,6,alt_global,1021.911877
37,1,rand_local,135
37,2,rand_local,237
37,3,rand_local,338.8194444
37,4,rand_local,449.8055556
37,5,rand_local,548.3194444
37,6,rand_local,593.8611111
37,1,alt_local,-105.0222222
37,2,alt_local,-98.45555556
37,3,alt_local,-234.0888889
37,4,alt_local,-464.2555556
37,5,alt_local,-561.5333333
37,6,alt_local,-842.0666667
37,1,rand_global,297.6222222
37,2,rand_global,421
37,3,rand_global,536.3836207
37,4,rand_global,688.8534483
37,5,rand_global,1072.50431
37,6,rand_global,1652.387931
37,1,alt_global,535.2
37,2,alt_global,686.9
37,3,alt_global,902.9586207
37,4,alt_global,1261.803448
37,5,alt_global,1615.57931
37,6,alt_global,2276.537931
38,1,rand_local,175
38,2,rand_local,162.5888889
38,3,rand_local,194.2222222
38,4,rand_local,279.7777778
38,5,rand_local,255.3333333
38,6,rand_local,171.5555556
38,1,alt_local,-2.277777778
38,2,alt_local,49.28888889
38,3,alt_local,81.11111111
38,4,alt_local,128.6666667
38,5,alt_local,19.11111111
38,6,alt_local,36.66666667
38,1,rand_global,282.13125
38,2,rand_global,350.3322581
38,3,rand_global,424.9892473
38,4,rand_global,523.4050179
38,5,rand_global,754.9856631
38,6,rand_global,1014.659498
38,1,alt_global,390.53125
38,2,alt_global,465.6322581
38,3,alt_global,580.1003584
38,4,alt_global,706.4050179
38,5,alt_global,1092.430108
38,6,alt_global,1279.88172
39,1,rand_local,105.2666667
39,2,rand_local,94.22222222
39,3,rand_local,139.1111111
39,4,rand_local,67.11111111
39,5,rand_local,72.88888889
39,6,rand_local,-62.08333333
39,1,alt_local,33.43333333
39,2,alt_local,87.07777778
39,3,alt_local,193.3333333
39,4,alt_local,162.9
39,5,alt_local,117.6
39,6,alt_local,35.72222222
39,1,rand_global,243.1954023
39,2,rand_global,321.3793103
39,3,rand_global,373.4563492
39,4,rand_global,531.6547619
39,5,rand_global,700.3730159
39,6,rand_global,1017.75
39,1,alt_global,377.762069
39,2,alt_global,480.0793103
39,3,alt_global,518.6785714
39,4,alt_global,634.4214286
39,5,alt_global,806.8285714
39,6,alt_global,968.7777778
40,1,rand_local,-14.34444444
40,2,rand_local,54.43333333
40,3,rand_local,80.66666667
40,4,rand_local,23.44444444
40,5,rand_local,-6.777777778
40,6,rand_local,-139.8888889
40,1,alt_local,71.7
40,2,alt_local,77.5
40,3,alt_local,27.77777778
40,4,alt_local,56.22222222
40,5,alt_local,7.888888889
40,6,alt_local,57.66666667
40,1,rand_global,406.4444444
40,2,rand_global,428.344086
40,3,rand_global,504.9888889
40,4,rand_global,639.8555556
40,5,rand_global,864.7555556
40,6,rand_global,1186.211111
40,1,alt_global,338.9
40,2,alt_global,379.2774194
40,3,alt_global,442.2111111
40,4,alt_global,495.4111111
40,5,alt_global,668.2
40,6,alt_global,889.9888889
43,1,rand_local,104.1777778
43,2,rand_local,147.6666667
43,3,rand_local,156.7777778
43,4,rand_local,168.2222222
43,5,rand_local,132.4444444
43,6,rand_local,172.7777778
43,1,alt_local,58.6
43,2,alt_local,98.5
43,3,alt_local,56.1
43,4,alt_local,-73.11111111
43,5,alt_local,-152.1111111
43,6,alt_local,-63.88888889
43,1,rand_global,239.7706093
43,2,rand_global,300.6236559
43,3,rand_global,317.046595
43,4,rand_global,359.9605735
43,5,rand_global,484.0716846
43,6,rand_global,549.5
43,1,alt_global,403.1483871
43,2,alt_global,496.6903226
43,3,alt_global,665.5354839
43,4,alt_global,856.4050179
43,5,alt_global,1021.405018
43,6,alt_global,1150.277778
44,1,rand_local,121.7
44,2,rand_local,252.7777778
44,3,rand_local,350.8888889
44,4,rand_local,315.7777778
44,5,rand_local,44.55555556
44,6,rand_local,-232.3333333
44,1,alt_local,-143.3888889
44,2,alt_local,-20.36111111
44,3,alt_local,62.16666667
44,4,alt_local,109.8333333
44,5,alt_local,310.8333333
44,6,alt_local,45.125
44,1,rand_global,336.1290323
44,2,rand_global,476.2007168
44,3,rand_global,603.4265233
44,4,rand_global,843.2007168
44,5,rand_global,1369.229391
44,6,rand_global,2561.977778
44,1,alt_global,-44.37096774
44,2,alt_global,419.8951613
44,3,alt_global,562.3709677
44,4,alt_global,727.1451613
44,5,alt_global,857.9516129
44,6,alt_global,2125.325
45,1,rand_local,42.9
45,2,rand_local,61.6
45,3,rand_local,52
45,4,rand_local,21.8
45,5,rand_local,-75.88888889
45,6,rand_local,-167
45,1,alt_local,52.4
45,2,alt_local,47
45,3,alt_local,29.11111111
45,4,alt_local,-30.22222222
45,5,alt_local,-66.66666667
45,6,alt_local,-267.8888889
45,1,rand_global,205.275
45,2,rand_global,220.65625
45,3,rand_global,251.8709677
45,4,rand_global,325.1935484
45,5,rand_global,456.0035842
45,6,rand_global,542.0537634
45,1,alt_global,314.475
45,2,alt_global,356.55625
45,3,alt_global,388.7598566
45,4,alt_global,473.4157706
45,5,alt_global,533.1146953
45,6,alt_global,653.7204301
46,1,rand_local,102.7777778
46,2,rand_local,174.5555556
46,3,rand_local,178
46,4,rand_local,308.2222222
46,5,rand_local,14.55555556
46,6,rand_local,-47.04166667
46,1,alt_local,141.3777778
46,2,alt_local,192.55
46,3,alt_local,180.9
46,4,alt_local,68.875
46,5,alt_local,-129.9027778
46,6,alt_local,-406.9444444
46,1,rand_global,279.4
46,2,rand_global,357.3444444
46,3,rand_global,457.7
46,4,rand_global,561.7888889
46,5,rand_global,1109.811111
46,6,rand_global,1389.2
46,1,alt_global,382.8
46,2,alt_global,487.7666667
46,3,alt_global,657.9666667
46,4,alt_global,918.7333333
46,5,alt_global,1259.144444
46,6,alt_global,1458.977778
47,1,rand_local,128.8
47,2,rand_local,99.33333333
47,3,rand_local,5.444444444
47,4,rand_local,-71.77777778
47,5,rand_local,-141.5555556
47,6,rand_local,-72.22222222
47,1,alt_local,95.1
47,2,alt_local,46.3
47,3,alt_local,17.16666667
47,4,alt_local,-128.0111111
47,5,alt_local,-231.8888889
47,6,alt_local,-100.1111111
47,1,rand_global,349.5375
47,2,rand_global,358.7311828
47,3,rand_global,485.390681
47,4,rand_global,631.0143369
47,5,rand_global,747.5878136
47,6,rand_global,740.1756272
47,1,alt_global,347.9375
47,2,alt_global,410.1645161
47,3,alt_global,561.1129032
47,4,alt_global,833.8032258
47,5,alt_global,1060.032258
47,6,alt_global,1148.397849
50,1,rand_local,63.2
50,2,rand_local,58.77777778
50,3,rand_local,73.73333333
50,4,rand_local,51.82222222
50,5,rand_local,-28.03333333
50,6,rand_local,-218
50,1,alt_local,28.22222222
50,2,alt_local,40.44444444
50,3,alt_local,2.625
50,4,alt_local,-41.16666667
50,5,alt_local,-113.0972222
50,6,alt_local,-40.72222222
50,1,rand_global,262.2354839
50,2,rand_global,317.8351254
50,3,rand_global,346.1505376
50,4,rand_global,408.0035842
50,5,rand_global,537.655914
50,6,rand_global,794.5444444
50,1,alt_global,255.6021505
50,2,alt_global,298.390681
50,3,alt_global,409.858871
50,4,alt_global,518.7258065
50,5,alt_global,747.1975806
50,6,alt_global,757.2666667
51,1,rand_local,179.4
51,2,rand_local,136
51,3,rand_local,187.2
51,4,rand_local,401.4555556
51,5,rand_local,443.8888889
51,6,rand_local,510.5555556
51,1,alt_local,184.6
51,2,alt_local,311.8
51,3,alt_local,449.4
51,4,alt_local,545
51,5,alt_local,468.7333333
51,6,alt_local,513.3111111
51,1,rand_global,337.075
51,2,rand_global,418.25
51,3,rand_global,478.45
51,4,rand_global,628.0250896
51,5,rand_global,829.6379928
51,6,rand_global,960.7311828
51,1,alt_global,316.875
51,2,alt_global,342.15
51,3,alt_global,366.05
51,4,alt_global,451.1806452
51,5,alt_global,694.7935484
51,6,alt_global,866.8645161
53,1,rand_local,93.3
53,2,rand_local,119.8555556
53,3,rand_local,189.6444444
53,4,rand_local,196.7777778
53,5,rand_local,-55.22222222
53,6,rand_local,212.7777778
53,1,alt_local,37.34444444
53,2,alt_local,113.9555556
53,3,alt_local,207.3555556
53,4,alt_local,263.4
53,5,alt_local,192.825
53,6,alt_local,93.59722222
53,1,rand_global,322.9
53,2,rand_global,393.5444444
53,3,rand_global,442.0222222
53,4,rand_global,635.2777778
53,5,rand_global,1058.444444
53,6,rand_global,1266.066667
53,1,alt_global,350.8
53,2,alt_global,383.7
53,3,alt_global,412.6666667
53,4,alt_global,532.6
53,5,alt_global,786.9666667
53,6,alt_global,1142.177778
54,1,rand_local,76.5
54,2,rand_local,61.6
54,3,rand_local,111.2
54,4,rand_local,65.08888889
54,5,rand_local,90.77777778
54,6,rand_local,72.33333333
54,1,alt_local,-6.777777778
54,2,alt_local,37.88888889
54,3,alt_local,-99.88888889
54,4,alt_local,-191.8333333
54,5,alt_local,-38.05555556
54,6,alt_local,34.75
54,1,rand_global,295.7310345
54,2,rand_global,422.4965517
54,3,rand_global,502.1896552
54,4,rand_global,646.0068966
54,5,rand_global,772.0076628
54,6,rand_global,1043.521073
54,1,alt_global,387.7088123
54,2,alt_global,479.2298851
54,3,alt_global,680.2452107
54,4,alt_global,885.7068966
54,5,alt_global,950.3965517
54,6,alt_global,1051.090517
55,1,rand_local,278.2
55,2,rand_local,349.9
55,3,rand_local,292.7
55,4,rand_local,267.5555556
55,5,rand_local,113.5555556
55,6,rand_local,-689
55,1,alt_local,407
55,2,alt_local,445.6
55,3,alt_local,348.3777778
55,4,alt_local,388.4222222
55,5,alt_local,323.4222222
55,6,alt_local,899.5111111
55,1,rand_global,462.0064516
55,2,rand_global,547.4193548
55,3,rand_global,691.2
55,4,rand_global,817.8888889
55,5,rand_global,1194.277778
55,6,rand_global,2571.566667
55,1,alt_global,501.0064516
55,2,alt_global,672.9193548
55,3,alt_global,852.2
55,4,alt_global,1075.8
55,5,alt_global,1450.633333
55,6,alt_global,2045.5
56,1,rand_local,126.8
56,2,rand_local,288.6
56,3,rand_local,324.1
56,4,rand_local,244.7777778
56,5,rand_local,258.2222222
56,6,rand_local,147.5555556
56,1,alt_local,72.25555556
56,2,alt_local,-18.52777778
56,3,alt_local,-30.91666667
56,4,alt_local,-201.0138889
56,5,alt_local,-454.1111111
56,6,alt_local,-423.125
56,1,rand_global,273.8451613
56,2,rand_global,333.7516129
56,3,rand_global,430.2333333
56,4,rand_global,644.8222222
56,5,rand_global,816.6222222
56,6,rand_global,1209.955556
56,1,alt_global,368.9451613
56,2,alt_global,513.2293907
56,3,alt_global,629.2
56,4,alt_global,967.1555556
56,5,alt_global,1431.511111
56,6,alt_global,1693.066667
57,1,rand_local,28.3
57,2,rand_local,32.66666667
57,3,rand_local,36.11111111
57,4,rand_local,39
57,5,rand_local,-23.15277778
57,6,rand_local,123.0416667
57,1,alt_local,56.47777778
57,2,alt_local,56.88888889
57,3,alt_local,58.77777778
57,4,alt_local,151.7777778
57,5,alt_local,308.8888889
57,6,alt_local,228.3333333
57,1,rand_global,256.7586207
57,2,rand_global,296.1706349
57,3,rand_global,306.7777778
57,4,rand_global,359.1269841
57,5,rand_global,482.6964286
57,6,rand_global,636.5892857
57,1,alt_global,273.0586207
57,2,alt_global,299.5039683
57,3,alt_global,305.2222222
57,4,alt_global,340.9047619
57,5,alt_global,422.8769841
57,6,alt_global,516.6309524
58,1,rand_local,132
58,2,rand_local,239.0888889
58,3,rand_local,488.7444444
58,4,rand_local,653
58,5,rand_local,610.4444444
58,6,rand_local,22.55555556
58,1,alt_local,168.5444444
58,2,alt_local,516.9222222
58,3,alt_local,600.5972222
58,4,alt_local,694.3472222
58,5,alt_local,1180.083333
58,6,alt_local,1240.583333
58,1,rand_global,214.7032258
58,2,rand_global,280.6594982
58,3,rand_global,283.5232975
58,4,rand_global,473.5376344
58,5,rand_global,678.297491
58,6,rand_global,1216.978495
58,1,alt_global,235.8032258
58,2,alt_global,235.8483871
58,3,alt_global,277.7455197
58,4,alt_global,521.6487455
58,5,alt_global,744.4086022
58,6,alt_global,749.311828
59,1,rand_local,131
59,2,rand_local,183.1
59,3,rand_local,174.9
59,4,rand_local,130.0666667
59,5,rand_local,46.22222222
59,6,rand_local,-203.8888889
59,1,alt_local,202.0555556
59,2,alt_local,301.1
59,3,alt_local,275.8
59,4,alt_local,378.75
59,5,alt_local,465.9861111
59,6,alt_local,375.9444444
59,1,rand_global,276.9774194
59,2,rand_global,377.0322581
59,3,rand_global,490.7225806
59,4,rand_global,716.1075269
59,5,rand_global,986.8422939
59,6,rand_global,1228.387097
59,1,alt_global,252.1774194
59,2,alt_global,333.9322581
59,3,alt_global,478.5225806
59,4,alt_global,545.2741935
59,5,alt_global,739.953405
59,6,alt_global,1008.942652
60,1,rand_local,6.555555556
60,2,rand_local,102.2222222
60,3,rand_local,184.7916667
60,4,rand_local,220.375
60,5,rand_local,242.375
60,6,rand_local,189
60,1,alt_local,18.25396825
60,2,alt_local,24.50793651
60,3,alt_local,122.9365079
60,4,alt_local,185.6349206
60,5,alt_local,295.1607143
60,6,alt_local,617.3571429
60,1,rand_global,308.2222222
60,2,rand_global,371.9
60,3,rand_global,412.9416667
60,4,rand_global,580.137931
60,5,rand_global,751.6293103
60,6,rand_global,989.875
60,1,alt_global,383.8888889
60,2,alt_global,444.0111111
60,3,alt_global,503.8444444
60,4,alt_global,557.3601533
60,5,alt_global,656.5043103
60,6,alt_global,658.5
61,1,rand_local,74.2
61,2,rand_local,82.6
61,3,rand_local,69.3
61,4,rand_local,54.9
61,5,rand_local,121.1555556
61,6,rand_local,160.8888889
61,1,alt_local,109.2
61,2,alt_local,124.3
61,3,alt_local,129.9
61,4,alt_local,121.9
61,5,alt_local,101.7
61,6,alt_local,99.33333333
61,1,rand_global,287.31875
61,2,rand_global,351.975
61,3,rand_global,435.8580645
61,4,rand_global,522.2935484
61,5,rand_global,585.702509
61,6,rand_global,729.7311828
61,1,alt_global,267.91875
61,2,alt_global,313.975
61,3,alt_global,345.0580645
61,4,alt_global,454.6935484
61,5,alt_global,598.5580645
61,6,alt_global,798.6200717
62,1,rand_local,10.2
62,2,rand_local,-5.7
62,3,rand_local,40.8
62,4,rand_local,42.88888889
62,5,rand_local,11.8
62,6,rand_local,135.1111111
62,1,alt_local,-66.5
62,2,alt_local,-69.7
62,3,alt_local,-84.35555556
62,4,alt_local,-90.23333333
62,5,alt_local,17.52222222
62,6,alt_local,143.3333333
62,1,rand_global,402.51875
62,2,rand_global,504.76875
62,3,rand_global,572.5875
62,4,rand_global,689.6272401
62,5,rand_global,845.9677419
62,6,rand_global,865.3405018
62,1,alt_global,363.91875
62,2,alt_global,450.76875
62,3,alt_global,578.7430556
62,4,alt_global,731.8494624
62,5,alt_global,848.7455197
62,6,alt_global,902.562724
63,1,rand_local,69.1
63,2,rand_local,109.5222222
63,3,rand_local,154.1111111
63,4,rand_local,197
63,5,rand_local,270.3333333
63,6,rand_local,53.22222222
63,1,alt_local,25.7
63,2,alt_local,44.5
63,3,alt_local,0.988888889
63,4,alt_local,16.77777778
63,5,alt_local,2.111111111
63,6,alt_local,127.6666667
63,1,rand_global,205.58125
63,2,rand_global,181.5277778
63,3,rand_global,200.25
63,4,rand_global,227.1875
63,5,rand_global,281.9784946
63,6,rand_global,742.1827957
63,1,alt_global,293.58125
63,2,alt_global,293.75
63,3,alt_global,392.3611111
63,4,alt_global,494.4097222
63,5,alt_global,636.6451613
63,6,alt_global,834.7383513
64,1,rand_local,90.8
64,2,rand_local,152.7
64,3,rand_local,212.8
64,4,rand_local,235.5555556
64,5,rand_local,166.6666667
64,6,rand_local,114.1111111
64,1,alt_local,59.6
64,2,alt_local,81.8
64,3,alt_local,-1.155555556
64,4,alt_local,-14.88888889
64,5,alt_local,-136.5555556
64,6,alt_local,-64
64,1,rand_global,292.46875
64,2,rand_global,337.0806452
64,3,rand_global,372.4354839
64,4,rand_global,459.1935484
64,5,rand_global,616.4265233
64,6,rand_global,714.9784946
64,1,alt_global,338.36875
64,2,alt_global,436.3806452
64,3,alt_global,602.5354839
64,4,alt_global,676.6379928
64,5,alt_global,826.5376344
64,6,alt_global,754.2007168
65,1,rand_local,172.8888889
65,2,rand_local,234.7777778
65,3,rand_local,250.1111111
65,4,rand_local,335.7777778
65,5,rand_local,359.1111111
65,6,rand_local,287.0833333
65,1,alt_local,67.22222222
65,2,alt_local,107.1111111
65,3,alt_local,113.3333333
65,4,alt_local,86.88888889
65,5,alt_local,52.06944444
65,6,alt_local,36.05555556
65,1,rand_global,232.3010753
65,2,rand_global,311.6164875
65,3,rand_global,348.7555556
65,4,rand_global,403.2777778
65,5,rand_global,657.7666667
65,6,rand_global,911.2166667
65,1,alt_global,436.6344086
65,2,alt_global,539.0609319
65,3,alt_global,722.6444444
65,4,alt_global,881.1666667
65,5,alt_global,1106.322222
65,6,alt_global,1478.411111
66,1,rand_local,169
66,2,rand_local,230.7777778
66,3,rand_local,328.7777778
66,4,rand_local,410.9861111
66,5,rand_local,286.0555556
66,6,rand_local,226.375
66,1,alt_local,13.11111111
66,2,alt_local,21.45833333
66,3,alt_local,-34
66,4,alt_local,-146.7083333
66,5,alt_local,-172.375
66,6,alt_local,72
66,1,rand_global,226.375
66,2,rand_global,276.8020833
66,3,rand_global,329.6845878
66,4,rand_global,399.3405018
66,5,rand_global,658.7992832
66,6,rand_global,905.7540323
66,1,alt_global,189.9305556
66,2,alt_global,299.1354167
66,3,alt_global,463.1290323
66,4,alt_global,642.7849462
66,5,alt_global,801.2298387
66,6,alt_global,901.2540323
67,1,rand_local,106.8
67,2,rand_local,96.9
67,3,rand_local,136.8888889
67,4,rand_local,164.6666667
67,5,rand_local,159.2222222
67,6,rand_local,58.44444444
67,1,alt_local,-15.2
67,2,alt_local,-18.9
67,3,alt_local,-12.6
67,4,alt_local,25.3
67,5,alt_local,104.5555556
67,6,alt_local,159.2222222
67,1,rand_global,185.5375
67,2,rand_global,227.10625
67,3,rand_global,253.9340278
67,4,rand_global,286.6458333
67,5,rand_global,375.9784946
67,6,rand_global,636.2329749
67,1,alt_global,384.4375
67,2,alt_global,419.10625
67,3,alt_global,443.45625
67,4,alt_global,461.3125
67,5,alt_global,500.311828
67,6,alt_global,568.6774194
69,1,rand_local,-5
69,2,rand_local,2.4
69,3,rand_local,-55.2
69,4,rand_local,-33.84444444
69,5,rand_local,16.75555556
69,6,rand_local,-8
69,1,alt_local,-1.311111111
69,2,alt_local,32.98888889
69,3,alt_local,25.61111111
69,4,alt_local,-19.43333333
69,5,alt_local,47.16666667
69,6,alt_local,125.8888889
69,1,rand_global,341.6375
69,2,rand_global,385.2548387
69,3,rand_global,508.1677419
69,4,rand_global,554.8315412
69,5,rand_global,618.0896057
69,6,rand_global,763.0286738
69,1,alt_global,368.1375
69,2,alt_global,455.2548387
69,3,alt_global,540.4677419
69,4,alt_global,672.4870968
69,5,alt_global,770.1451613
69,6,alt_global,896.4731183
70,1,rand_local,161.5555556
70,2,rand_local,190.4444444
70,3,rand_local,270.4444444
70,4,rand_local,370.8611111
70,5,rand_local,482.2361111
70,6,rand_local,244.1527778
70,1,alt_local,93.08888889
70,2,alt_local,164.8111111
70,3,alt_local,267.4333333
70,4,alt_local,314.5333333
70,5,alt_local,416.8888889
70,6,alt_local,256.2777778
70,1,rand_global,200.6953405
70,2,rand_global,251.3
70,3,rand_global,248.4
70,4,rand_global,241.1833333
70,5,rand_global,250.575
70,6,rand_global,507.525
70,1,alt_global,162.6064516
70,2,alt_global,184.9333333
70,3,alt_global,186.9666667
70,4,alt_global,183.7333333
70,5,alt_global,202.2555556
70,6,alt_global,450.1222222
71,1,rand_local,158.1
71,2,rand_local,170.7333333
71,3,rand_local,268.9333333
71,4,rand_local,398.9444444
71,5,rand_local,492.5
71,6,rand_local,842
71,1,alt_local,8.347222222
71,2,alt_local,29.5
71,3,alt_local,14.25
71,4,alt_local,198.5
71,5,alt_local,521.1071429
71,6,alt_local,1232.321429
71,1,rand_global,220.1774194
71,2,rand_global,293.6
71,3,rand_global,310.7666667
71,4,rand_global,307.0222222
71,5,rand_global,496.0666667
71,6,rand_global,1040.144444
71,1,alt_global,-28.54480287
71,2,alt_global,-5.066666667
71,3,alt_global,102.1
71,4,alt_global,200.3416667
71,5,alt_global,318.8166667
71,6,alt_global,1122.616667
72,1,rand_local,139.4
72,2,rand_local,169.7
72,3,rand_local,201.6777778
72,4,rand_local,204
72,5,rand_local,230.5555556
72,6,rand_local,166.2222222
72,1,alt_local,47
72,2,alt_local,-22.68888889
72,3,alt_local,16.57777778
72,4,alt_local,82.66666667
72,5,alt_local,167
72,6,alt_local,-118.7777778
72,1,rand_global,309.3333333
72,2,rand_global,343.9551724
72,3,rand_global,402.3068966
72,4,rand_global,484.816092
72,5,rand_global,620.467433
72,6,rand_global,765.7126437
72,1,alt_global,289.2333333
72,2,alt_global,472.4551724
72,3,alt_global,534.4068966
72,4,alt_global,605.3716475
72,5,alt_global,634.3563218
72,6,alt_global,899.4904215
73,1,rand_local,109.1
73,2,rand_local,41.9
73,3,rand_local,29.9
73,4,rand_local,-23.7
73,5,rand_local,39.65555556
73,6,rand_local,156.5666667
73,1,alt_local,-58.6
73,2,alt_local,11.3
73,3,alt_local,7.555555556
73,4,alt_local,-139.1111111
73,5,alt_local,-374.6666667
73,6,alt_local,-278
73,1,rand_global,198.51875
73,2,rand_global,317.4375
73,3,rand_global,360.1677419
73,4,rand_global,467.0709677
73,5,rand_global,547.8960573
73,6,rand_global,479.8172043
73,1,alt_global,347.01875
73,2,alt_global,444.9375
73,3,alt_global,525.4121864
73,4,alt_global,717.6487455
73,5,alt_global,1018.784946
73,6,alt_global,922.5949821
74,1,rand_local,85.6
74,2,rand_local,205
74,3,rand_local,260.5555556
74,4,rand_local,418.6666667
74,5,rand_local,503
74,6,rand_local,355.4027778
74,1,alt_local,133.5694444
74,2,alt_local,236.9305556
74,3,alt_local,164.4027778
74,4,alt_local,86.125
74,5,alt_local,11.875
74,6,alt_local,35.42857143
74,1,rand_global,331.9666667
74,2,rand_global,401.2666667
74,3,rand_global,507.7222222
74,4,rand_global,574.1888889
74,5,rand_global,708.4482759
74,6,rand_global,1193.842912
74,1,alt_global,309.1222222
74,2,alt_global,367.3777778
74,3,alt_global,551.7222222
74,4,alt_global,719.425
74,5,alt_global,1004.573276
74,6,alt_global,1413.62069
75,1,rand_local,256.7666667
75,2,rand_local,311.8888889
75,3,rand_local,268.3333333
75,4,rand_local,396.6666667
75,5,rand_local,-91.88888889
75,6,rand_local,-586.2361111
75,1,alt_local,182.1
75,2,alt_local,260
75,3,alt_local,155.8777778
75,4,alt_local,132.4444444
75,5,alt_local,569.0888889
75,6,alt_local,434.2222222
75,1,rand_global,185.1770833
75,2,rand_global,397.2291667
75,3,rand_global,539.4236111
75,4,rand_global,698.827957
75,5,rand_global,1498.383513
75,6,rand_global,3453.221774
75,1,alt_global,430.84375
75,2,alt_global,673.7625
75,3,alt_global,1019.2125
75,4,alt_global,1426.16129
75,5,alt_global,1708.96129
75,6,alt_global,3316.763441
76,1,rand_local,117.9666667
76,2,rand_local,126.4
76,3,rand_local,39.75
76,4,rand_local,1.708333333
76,5,rand_local,-37.79166667
76,6,rand_local,-3.263888889
76,1,alt_local,-95.16666667
76,2,alt_local,-116.7916667
76,3,alt_local,-158.875
76,4,alt_local,-100
76,5,alt_local,-158.75
76,6,alt_local,-489
76,1,rand_global,498.0740741
76,2,rand_global,570.0740741
76,3,rand_global,693.1388889
76,4,rand_global,768.7731481
76,5,rand_global,892.8287037
76,6,rand_global,440.7824074
76,1,alt_global,428.2407407
76,2,alt_global,569.1990741
76,3,alt_global,760.8888889
76,4,alt_global,763.1481481
76,5,alt_global,797.8287037
76,6,alt_global,675.5324074
77,1,rand_local,96.6
77,2,rand_local,172.0555556
77,3,rand_local,223.1777778
77,4,rand_local,262.6666667
77,5,rand_local,395.4444444
77,6,rand_local,812
77,1,alt_local,139.8444444
77,2,alt_local,182.7777778
77,3,alt_local,190
77,4,alt_local,80.11111111
77,5,alt_local,23.88888889
77,6,alt_local,-571.5555556
77,1,rand_global,334.0645161
77,2,rand_global,426.7670251
77,3,rand_global,539.3189964
77,4,rand_global,678.3512545
77,5,rand_global,783.2258065
77,6,rand_global,989.781362
77,1,alt_global,374.6645161
77,2,alt_global,424.655914
77,3,alt_global,586.6523297
77,4,alt_global,810.4623656
77,5,alt_global,1088.336918
77,6,alt_global,1971.003584
78,1,rand_local,270.7333333
78,2,rand_local,416.3333333
78,3,rand_local,474.8
78,4,rand_local,506.9888889
78,5,rand_local,639.7666667
78,6,rand_local,190.3333333
78,1,alt_local,166.2
78,2,alt_local,203.4666667
78,3,alt_local,287.8444444
78,4,alt_local,458.8888889
78,5,alt_local,754.1805556
78,6,alt_local,938.25
78,1,rand_global,359.7634409
78,2,rand_global,417.5053763
78,3,rand_global,516.5483871
78,4,rand_global,605.0143369
78,5,rand_global,799.7666667
78,6,rand_global,1526.011111
78,1,alt_global,265.8967742
78,2,alt_global,322.0387097
78,3,alt_global,375.1483871
78,4,alt_global,429.125448
78,5,alt_global,539.8777778
78,6,alt_global,879.9
80,1,rand_local,264.2
80,2,rand_local,399.6777778
80,3,rand_local,459.9444444
80,4,rand_local,359.2222222
80,5,rand_local,475.8888889
80,6,rand_local,610.7777778
80,1,alt_local,169.1
80,2,alt_local,104
80,3,alt_local,-53.2
80,4,alt_local,-212.5111111
80,5,alt_local,-318.1111111
80,6,alt_local,-934.1111111
80,1,rand_global,432.80625
80,2,rand_global,542.8673835
80,3,rand_global,628.8458781
80,4,rand_global,973.8458781
80,5,rand_global,1209.767025
80,6,rand_global,1988.702509
80,1,alt_global,526.50625
80,2,alt_global,737.8451613
80,3,alt_global,1057.290323
80,4,alt_global,1346.690323
80,5,alt_global,1706.322581
80,6,alt_global,2659.591398
81,1,rand_local,129.7
81,2,rand_local,162
81,3,rand_local,151
81,4,rand_local,176.4444444
81,5,rand_local,246.0222222
81,6,rand_local,502.5555556
81,1,alt_local,83.26666667
81,2,alt_local,11.66666667
81,3,alt_local,4.922222222
81,4,alt_local,75.67777778
81,5,alt_local,224.3555556
81,6,alt_local,319.1111111
81,1,rand_global,177.5875
81,2,rand_global,226.6875
81,3,rand_global,335.8375
81,4,rand_global,393.1805556
81,5,rand_global,509.2152778
81,6,rand_global,687.3655914
81,1,alt_global,345.5875
81,2,alt_global,511.1875
81,3,alt_global,591.2375
81,4,alt_global,646.725
81,5,alt_global,679.6375
81,6,alt_global,936.921147
82,1,rand_local,308.8555556
82,2,rand_local,374.7777778
82,3,rand_local,457.3333333
82,4,rand_local,592.1111111
82,5,rand_local,813.8888889
82,6,rand_local,706.5555556
82,1,alt_local,215
82,2,alt_local,286.7
82,3,alt_local,364.2
82,4,alt_local,470.5666667
82,5,alt_local,478.1111111
82,6,alt_local,340.5888889
82,1,rand_global,319.3799283
82,2,rand_global,432.9666667
82,3,rand_global,466.5888889
82,4,rand_global,501.3666667
82,5,rand_global,619.9666667
82,6,rand_global,970.0222222
82,1,alt_global,322.0354839
82,2,alt_global,372.5666667
82,3,alt_global,401.1666667
82,4,alt_global,463.8
82,5,alt_global,637.3
82,6,alt_global,1002.766667
83,1,rand_local,134.5555556
83,2,rand_local,160.0444444
83,3,rand_local,204.4666667
83,4,rand_local,194.1111111
83,5,rand_local,202.4444444
83,6,rand_local,258.1111111
83,1,alt_local,137.8
83,2,alt_local,79.26666667
83,3,alt_local,33.22222222
83,4,alt_local,43.11111111
83,5,alt_local,-25.11111111
83,6,alt_local,-179.4444444
83,1,rand_global,326.4444444
83,2,rand_global,383.0071685
83,3,rand_global,413.9462366
83,4,rand_global,514.7275986
83,5,rand_global,654.8781362
83,6,rand_global,862.0322581
83,1,alt_global,356.6
83,2,alt_global,507.7849462
83,3,alt_global,671.6129032
83,4,alt_global,840.3942652
83,5,alt_global,1034.655914
83,6,alt_global,1309.25448
84,1,rand_local,266.2
84,2,rand_local,297.4333333
84,3,rand_local,371.5555556
84,4,rand_local,403.8888889
84,5,rand_local,381.1111111
84,6,rand_local,292.3333333
84,1,alt_local,173
84,2,alt_local,297.1
84,3,alt_local,333.5
84,4,alt_local,359.8
84,5,alt_local,304.0222222
84,6,alt_local,62.66666667
84,1,rand_global,296.5125
84,2,rand_global,364.9625
84,3,rand_global,409.3576389
84,4,rand_global,529.7634409
84,5,rand_global,729.7956989
84,6,rand_global,822.9318996
84,1,alt_global,232.4125
84,2,alt_global,231.9625
84,3,alt_global,249.16875
84,4,alt_global,302.9967742
84,5,alt_global,497.3290323
84,6,alt_global,683.7096774
85,1,rand_local,278.4
85,2,rand_local,315.4444444
85,3,rand_local,335.8888889
85,4,rand_local,351.8888889
85,5,rand_local,141.2222222
85,6,rand_local,249.2222222
85,1,alt_local,257.1
85,2,alt_local,160
85,3,alt_local,-30.4
85,4,alt_local,-123.6
85,5,alt_local,-266.8888889
85,6,alt_local,-240.4444444
85,1,rand_global,316.5625
85,2,rand_global,352.2152778
85,3,rand_global,418.0250896
85,4,rand_global,416.1433692
85,5,rand_global,740.6630824
85,6,rand_global,865.6845878
85,1,alt_global,510.2625
85,2,alt_global,713.3375
85,3,alt_global,1062.380645
85,4,alt_global,1204.832258
85,5,alt_global,1706.44086
85,6,alt_global,2040.017921
86,1,rand_local,262.2
86,2,rand_local,290.4
86,3,rand_local,331.8
86,4,rand_local,400.3333333
86,5,rand_local,397.7777778
86,6,rand_local,242.8888889
86,1,alt_local,43.4
86,2,alt_local,11.1
86,3,alt_local,-4.722222222
86,4,alt_local,55.33333333
86,5,alt_local,155.3333333
86,6,alt_local,554
86,1,rand_global,323.13125
86,2,rand_global,452.1935484
86,3,rand_global,568.2193548
86,4,rand_global,685.9175627
86,5,rand_global,857.3727599
86,6,rand_global,1282.100358
86,1,alt_global,466.23125
86,2,alt_global,567.4935484
86,3,alt_global,614.6415771
86,4,alt_global,696.4731183
86,5,alt_global,769.0394265
86,6,alt_global,894.9892473
87,1,rand_local,20
87,2,rand_local,78.42222222
87,3,rand_local,107.7777778
87,4,rand_local,-75.55555556
87,5,rand_local,-169.1111111
87,6,rand_local,-184
87,1,alt_local,80.93636364
87,2,alt_local,109.6
87,3,alt_local,57
87,4,alt_local,79.36666667
87,5,alt_local,92.5
87,6,alt_local,-104.4555556
87,1,rand_global,246.43125
87,2,rand_global,269.175
87,3,rand_global,316.0104167
87,4,rand_global,625.0520833
87,5,rand_global,917.2365591
87,6,rand_global,1188.265233
87,1,alt_global,303.3948864
87,2,alt_global,389.275
87,3,alt_global,515.34375
87,4,alt_global,653.01875
87,5,alt_global,874.4032258
87,6,alt_global,1201.609677
88,1,rand_local,588.4222222
88,2,rand_local,631.3333333
88,3,rand_local,554.4444444
88,4,rand_local,458.1111111
88,5,rand_local,650.6666667
88,6,rand_local,473.5138889
88,1,alt_local,172.2
88,2,alt_local,297.7888889
88,3,alt_local,393.5555556
88,4,alt_local,547.2222222
88,5,alt_local,784.7777778
88,6,alt_local,558
88,1,rand_global,279.425
88,2,rand_global,424.8125
88,3,rand_global,518.7275986
88,4,rand_global,696.4229391
88,5,rand_global,896.6953405
88,6,rand_global,1541.111111
88,1,alt_global,289.925
88,2,alt_global,371.9236111
88,3,alt_global,427.5053763
88,4,alt_global,596.311828
88,5,alt_global,654.8064516
88,6,alt_global,1127.777778
89,1,rand_local,147.7
89,2,rand_local,173.7666667
89,3,rand_local,234.6666667
89,4,rand_local,229.5555556
89,5,rand_local,133.5555556
89,6,rand_local,326.3333333
89,1,alt_local,79.97777778
89,2,alt_local,197.4444444
89,3,alt_local,283.1111111
89,4,alt_local,164.7777778
89,5,alt_local,7.666666667
89,6,alt_local,-540
89,1,rand_global,249.6645161
89,2,rand_global,322.0752688
89,3,rand_global,377.9713262
89,4,rand_global,530.6308244
89,5,rand_global,726.9247312
89,6,rand_global,912.6057348
89,1,alt_global,300.2867384
89,2,alt_global,343.1863799
89,3,alt_global,413.9713262
89,4,alt_global,607.7419355
89,5,alt_global,934.4802867
89,6,alt_global,1565.383513
90,1,rand_local,165.3
90,2,rand_local,184.8
90,3,rand_local,191.0222222
90,4,rand_local,190.9777778
90,5,rand_local,290.3333333
90,6,rand_local,381.1111111
90,1,alt_local,84.55555556
90,2,alt_local,202.4444444
90,3,alt_local,306.6666667
90,4,alt_local,402.8888889
90,5,alt_local,567.6666667
90,6,alt_local,604.3333333
90,1,rand_global,287.9580645
90,2,rand_global,382.9483871
90,3,rand_global,432.1032258
90,4,rand_global,504.4
90,5,rand_global,597.3222222
90,6,rand_global,665.6333333
90,1,alt_global,147.2580645
90,2,alt_global,205.437276
90,3,alt_global,214.2365591
90,4,alt_global,193.9333333
90,5,alt_global,218.7666667
90,6,alt_global,174.0777778
91,1,rand_local,114.8
91,2,rand_local,118.4
91,3,rand_local,56.32222222
91,4,rand_local,61.51111111
91,5,rand_local,86.2
91,6,rand_local,-130.6444444
91,1,alt_local,136.5
91,2,alt_local,164.8
91,3,alt_local,125.0888889
91,4,alt_local,56.74444444
91,5,alt_local,-5.422222222
91,6,alt_local,27.66666667
91,1,rand_global,362.08125
91,2,rand_global,421.2375
91,3,rand_global,530.8402778
91,4,rand_global,629.3263889
91,5,rand_global,801.483871
91,6,rand_global,1161.412186
91,1,alt_global,431.58125
91,2,alt_global,575.4375
91,3,alt_global,729.8625
91,4,alt_global,876.1375
91,5,alt_global,1023.683871
91,6,alt_global,1156.856631
92,1,rand_local,104.7
92,2,rand_local,147.2222222
92,3,rand_local,208.1666667
92,4,rand_local,229.1666667
92,5,rand_local,250
92,6,rand_local,17.11111111
92,1,alt_local,128.1
92,2,alt_local,157.3
92,3,alt_local,158.6
92,4,alt_local,197.1777778
92,5,alt_local,239.7222222
92,6,alt_local,112.1111111
92,1,rand_global,339.7516129
92,2,rand_global,355.9677419
92,3,rand_global,376.7
92,4,rand_global,383.3
92,5,rand_global,484.5666667
92,6,rand_global,752.3333333
92,1,alt_global,314.7516129
92,2,alt_global,337.3677419
92,3,alt_global,361.4
92,4,alt_global,414.4
92,5,alt_global,534.0666667
92,6,alt_global,639.3333333
93,1,rand_local,51.01111111
93,2,rand_local,67.95555556
93,3,rand_local,46.1
93,4,rand_local,61.11111111
93,5,rand_local,-73.11111111
93,6,rand_local,-60.11111111
93,1,alt_local,23.4
93,2,alt_local,31.6
93,3,alt_local,59.86666667
93,4,alt_local,57.12222222
93,5,alt_local,59.22222222
93,6,alt_local,-36.66666667
93,1,rand_global,176.2013889
93,2,rand_global,229.6944444
93,3,rand_global,372.9032258
93,4,rand_global,476.5483871
93,5,rand_global,645.2365591
93,6,rand_global,803.5591398
93,1,alt_global,248.9125
93,2,alt_global,280.15
93,3,alt_global,342.7032258
93,4,alt_global,427.6483871
93,5,alt_global,569.5698925
93,6,alt_global,802.3369176
94,1,rand_local,136.7636364
94,2,rand_local,152
94,3,rand_local,126.1
94,4,rand_local,110.1333333
94,5,rand_local,34.81111111
94,6,rand_local,-263.9
94,1,alt_local,172.3
94,2,alt_local,100.4
94,3,alt_local,-79.1
94,4,alt_local,-242.9
94,5,alt_local,-354.7777778
94,6,alt_local,-555.3333333
94,1,rand_global,310.3096774
94,2,rand_global,337.0935484
94,3,rand_global,386.6354839
94,4,rand_global,434.0860215
94,5,rand_global,586.7275986
94,6,rand_global,629.1
94,1,alt_global,259.9096774
94,2,alt_global,332.4935484
94,3,alt_global,500.0354839
94,4,alt_global,643.3193548
94,5,alt_global,773.9498208
94,6,alt_global,880.8777778
95,1,rand_local,125.3333333
95,2,rand_local,143.8888889
95,3,rand_local,239.2222222
95,4,rand_local,340.7777778
95,5,rand_local,166.1805556
95,6,rand_local,107.625
95,1,alt_local,53.36111111
95,2,alt_local,114.5
95,3,alt_local,119.9166667
95,4,alt_local,235.2777778
95,5,alt_local,150.2222222
95,6,alt_local,30.15873016
95,1,rand_global,258.2111111
95,2,rand_global,283.3444444
95,3,rand_global,289.8666667
95,4,rand_global,333.6333333
95,5,rand_global,849.7198276
95,6,rand_global,1383.387931
95,1,alt_global,375.6555556
95,2,alt_global,437.9
95,3,alt_global,495.8666667
95,4,alt_global,686.1888889
95,5,alt_global,1022.122605
95,6,alt_global,1525.693487
97,1,rand_local,218.8
97,2,rand_local,188.3
97,3,rand_local,24.6
97,4,rand_local,-14.9
97,5,rand_local,-53.56666667
97,6,rand_local,133.8888889
97,1,alt_local,45.7
97,2,alt_local,53.48888889
97,3,alt_local,-24.57777778
97,4,alt_local,-55.08888889
97,5,alt_local,-126.6777778
97,6,alt_local,-212
97,1,rand_global,362.0451613
97,2,rand_global,467.6096774
97,3,rand_global,683.4612903
97,4,rand_global,793.916129
97,5,rand_global,950.827957
97,6,rand_global,1101.405018
97,1,alt_global,419.7451613
97,2,alt_global,508.1096774
97,3,alt_global,642.9612903
97,4,alt_global,776.716129
97,5,alt_global,974.0612903
97,6,alt_global,1294.849462
98,1,rand_local,109.3
98,2,rand_local,207
98,3,rand_local,233.7777778
98,4,rand_local,231.8888889
98,5,rand_local,245.8888889
98,6,rand_local,184.7777778
98,1,alt_local,52.17777778
98,2,alt_local,79.44444444
98,3,alt_local,90.55555556
98,4,alt_local,142.3333333
98,5,alt_local,126.7777778
98,6,alt_local,69
98,1,rand_global,191.54375
98,2,rand_global,220.3258065
98,3,rand_global,276.5125448
98,4,rand_global,312.9892473
98,5,rand_global,389.1362007
98,6,rand_global,572.0681004
98,1,alt_global,204.94375
98,2,alt_global,207.2258065
98,3,alt_global,250.1792115
98,4,alt_global,282.9892473
98,5,alt_global,332.1362007
98,6,alt_global,478.5125448
99,1,rand_local,227.2
99,2,rand_local,262.1
99,3,rand_local,315
99,4,rand_local,378.1111111
99,5,rand_local,669.3333333
99,6,rand_local,947.1111111
99,1,alt_local,404.5
99,2,alt_local,444.3
99,3,alt_local,409.7
99,4,alt_local,421.2
99,5,alt_local,439.1333333
99,6,alt_local,190.1111111
99,1,rand_global,444.9125
99,2,rand_global,484.1806452
99,3,rand_global,555.3763441
99,4,rand_global,611.9390681
99,5,rand_global,565.8207885
99,6,rand_global,328.8207885
99,1,alt_global,245.3125
99,2,alt_global,377.4806452
99,3,alt_global,479.4096774
99,4,alt_global,586.4612903
99,5,alt_global,662.9096774
99,6,alt_global,765.1541219
100,1,rand_local,178.8
100,2,rand_local,251
100,3,rand_local,287.0333333
100,4,rand_local,345.0222222
100,5,rand_local,428.8888889
100,6,rand_local,368.3333333
100,1,alt_local,102.7333333
100,2,alt_local,94.72222222
100,3,alt_local,171.9
100,4,alt_local,151.7666667
100,5,alt_local,118.2222222
100,6,alt_local,-118.2222222
100,1,rand_global,254.625
100,2,rand_global,304.125
100,3,rand_global,339.3967742
100,4,rand_global,435.8129032
100,5,rand_global,527.5304659
100,6,rand_global,684.8207885
100,1,alt_global,235.225
100,2,alt_global,300.125
100,3,alt_global,326.1967742
100,4,alt_global,419.5129032
100,5,alt_global,622.6415771
100,6,alt_global,949.4874552
101,1,rand_local,-7.411111111
101,2,rand_local,85.61111111
101,3,rand_local,49.2
101,4,rand_local,90.8
101,5,rand_local,12.77777778
101,6,rand_local,-18.88888889
101,1,alt_local,90.46666667
101,2,alt_local,137.2444444
101,3,alt_local,149.4444444
101,4,alt_local,127.6666667
101,5,alt_local,90.88888889
101,6,alt_local,-13
101,1,rand_global,329.8530466
101,2,rand_global,347.3727599
101,3,rand_global,410.0967742
101,4,rand_global,516.0322581
101,5,rand_global,601.5770609
101,6,rand_global,204.1863799
101,1,alt_global,281.9419355
101,2,alt_global,311.683871
101,3,alt_global,361.874552
101,4,alt_global,421.4767025
101,5,alt_global,561.5770609
101,6,alt_global,381.1863799
102,1,rand_local,-11
102,2,rand_local,73.66666667
102,3,rand_local,55.11111111
102,4,rand_local,64.43055556
102,5,rand_local,-59.625
102,6,rand_local,-628.1388889
102,1,alt_local,-59.22222222
102,2,alt_local,-80.77777778
102,3,alt_local,-238.2361111
102,4,alt_local,-206.9583333
102,5,alt_local,-369.5138889
102,6,alt_local,-27.625
102,1,rand_global,386.6493056
102,2,rand_global,476.4946237
102,3,rand_global,570.0286738
102,4,rand_global,708.9637097
102,5,rand_global,969.2701613
102,6,rand_global,1693.056452
102,1,alt_global,397.7604167
102,2,alt_global,515.9390681
102,3,alt_global,720.9175627
102,4,alt_global,856.172043
102,5,alt_global,1213.53405
102,6,alt_global,1582.556452
